"","x"
"fbfabd5c9c8095048b7edd25903fba81",1
"7d066a2d2ab27978f261dbdb47db14e6",2
"91f0e5c44114d5c9a43a1eec10154a17",3
"747c704773002b1eed2bc6675517d498",4
"348f100167b542eb022bbd0f7366df0b",5
"45b6a23e4197ec3bbbc3f4a4711c5771",3
"0d1f62d4f2f7227766a17f0340567129",6
"407ce23e6df61df5cd14545d8e44a4fd",7
"bce3b00d560d8f7add9201164bb69dd5",8
"979f49610387f40cb2b90e4cf3e43418",9
"6075e5abca26f0fe5b199995789259f6",5
"8e10df38de8ee3292082ad9b37f95b32",3
"dd365234d5fff5318448270420ab2d29",10
"528fb50e8429117f76a3cd732e5b2ee2",11
"d031220b36a3deae47453e3c1c8f00be",12
"a66175a445c2309bcb228e9e57aa9096",13
"9ead680e3df2fcf7052a3c97ed063613",8
"3e448fab3c8d82caa4ca67aa1cfd0d63",14
"c1fd87b0473cbe1c247846046f2c2d56",15
"27d9c6584394b7eb8fb1e135ec388c73",16
"fbc484f3485a074c177d0c22431f024a",8
"9ec997a4d0c68c236ff731741de96e18",12
"ec5e68b6fa73703aeaa8296892d3b5f5",17
"4a73fb1783ff6cc768c08b7af7f3913e",4
"36d128e66b3483b9daf7070096fa76a6",4
"e6c96175a726aede328719f4acd17bd7",18
"dfeb0818c3f26caf6072f621b28286a8",8
"50f568a83c447b2d4d2c96b41bb77bd4",19
"944edf69ce8f3680420595d766529751",4
"6c0c741060fc99c520c609e8a50ddfe4",20
"1a60bc97156b2d4dbbae924ac446dcd9",21
"a042bd6330e932d853ce65941c063de3",22
"7dcd8f2c853c664b258593426d4590c3",8
"4a7c1b234bb0ea47692b697f747f353c",2
"0c9cb3b3aaa05a0b98e364c3577b875a",23
"ed233c4e70bf527827b1384394259e17",3
"133665f9942b3d081efe500725f373da",24
"3100a2b45fe498554851b8ca6b35faa6",25
"7c259e546c65ee291c8d9b4d8adadd65",7
"370bd2684acc54c6b9aac8cfffb8e363",26
"9b81b6e45f605a8664136716c1f36aa2",27
"678452b1266654469afd6625a7ec25f5",28
"115fd3d829ca9fb45630f07981cbcb73",9
"66f375767849e8131e8544649de62888",11
"e144d237c973d831d708cac2c17df968",29
"1c2c468ee1599c97b6f2a6db337f9b66",30
"1443319703048626b1e387c51fac57f4",31
"14eb58c8cf107c1e4433e1c48f5c6e6e",20
"2af573e307758e788981413c6d22d3db",3
"5aaced613b929747914e361fd51ace4f",32
"8cb59887b202d6c0f19543fc4d335d45",33
"8672c4817aef359edefd78cf3a906487",5
"10dd4fcfb9746092b0c2bacf81759dbf",34
"2d2be8e2152e95e0f171c4b66568e6f9",35
"8ba4725a4551e0ef9ed940cdfab02b1c",36
"57b68052834ca012364cf967af25b712",37
"5abc55580adcb78913a3df85c4ab4c6a",25
"97511853c27d87a34673c495d53c1fe0",38
"c3a862da36fc5f098adfb15f8707511d",39
"d43c537332af5d32624c7b5f14322a37",33
"c87f94626980725951e0b7dc3f8d4fd1",40
"34915b0965a22db30df55e72c43a684a",30
"411b2782368d7cc2e5084e0cf04fc842",41
"a92f6cafdb300f67c39128444b636602",12
"9ef729ffa83fa96c626882da4368fed0",11
"91c724dbb90e2034ecad55e1e2f45c09",42
"06de5a4cfb74bb360394cb409a230d44",43
"2751f9510526c963710b773f98f50da6",44
"c478d5b64d4b4d9188a6c0ee410d240e",45
"6d9405698de23deebfb97c43d9b001e9",41
"993dbcd208bb14b66f02404595a861e5",46
"15108412682f3beb58dc3a668e9e1c89",1
"5e41a27c63ebdfa4c3b417f9bfb81d48",47
"1b8f82df38071a6fc076555ce3d09673",48
"6fab1ef3879e60d68dca946aa89a343a",49
"191d7e5a8d9bb36c2d38e059055917db",19
"92af0000a86dcd6dd7addad3a34932d6",8
"321ed4abce5be915d5f4e0f61c59edd2",50
"46bff7517a2b4884c0a06e66ff9e13d8",51
"5cc2f6bf4c5a6e3b03c56dd2a1ef1e5a",52
"7936ce26fb9f5986a46e03d0a4d746ae",12
"7f1023e871bcd3a4f7ac96f3a40c9a8d",53
"bbdd10eb43b5794278cf481e0fd413d6",41
"8414c40ec924b3f165cd23fd3836dd26",4
"ff8e0d9e560e8ab5c27fd03f33832db1",27
"ec1500f8dc1e782407ed6d2b783378f5",54
"0cead831d7ece7de001efd64b74e5990",55
"9f5a6902451a1303a76fcb5c972f00e1",4
"aab182af07183f0e8e9ef712450a4927",56
"96a3bdda41719adb43bb97595ebdc64e",57
"40e31d8d948016a5154bcab9c22ab2e1",35
"19e0534a06e8f878732296e9e6a0181a",58
"bfc7055c937d89c228be7814c417f42f",24
"6ecf1f8ba13cbdb2aa4eb1209a642259",59
"fb4502fd432587e678ec8393e13bbc79",60
"db401fd480bc6e9b9f2a9c010d603973",61
"3182f7f1481c062400961d614823e485",62
"b7806c4f83108800a9c32dc83c148d95",63
"8eb1642377f99ab12eb00862c4353a3f",5
"eb0ea67eba83e8ff973f517b122d83ce",1
"6d05f46721aca0424f148a18d588eebd",64
"66468464a6de8c51550d917d19f96a55",6
"68171c1124b69599f5aaba3a824ed4c0",2
"5dcf41187daf307905b373f13f7a1d49",7
"c4ed5f8256a01f3cc7c4523b8e27aa62",65
"b9384df645410a4f31587994caceb977",66
"f8399f14d2dc63b0ffb33d0e7eaf94e8",41
"afb5b5f2b42b4ddba96e9465e22bc6b8",2
"2a44e377a78c767ce4a25ddad7cbd183",1
"f4eb3104f0afc2b46b795e5c707f7029",60
"e76267564f4e3b0e02e0ab46ee617035",67
"5f33c9078bdad8b6a3cc882825533a28",50
"1c8df8e0805f5ddb771d992487c38c47",68
"f057a6607656c87b9a2a90a01cb3d0ce",69
"b7e083957b56da45e0568974f4f44d34",1
"47945d5facb059a7f085db654eefa6fb",35
"86cb53b0981776e20f84e7c3d6e186ae",35
"8c8dcd22fd4470086acb108e9385012d",70
"57d339176d58f5ce9c39f91979f43b86",71
"32e4d59a159f655a110ca3ca17fe75d6",72
"b98faae65277439b9370fbf5523c56a3",7
"8dd5b458e54b22d110a17487cd9a0d03",73
"43a59de34070745542698c4961399261",3
"521b0eba49b63864a24bcd10a41f2fda",74
"a3b7878646e13c26a6e5a0c8a0734583",12
"86df6d3f47ff422112aacdab227caff3",75
"8558cd027e13b4972bd7c4d561e1f212",76
"ce761ded7b0b7202639e7c6b1f1542af",77
"96836bcd9c7e1fcdbf8da6b6fa37c8e8",36
"b0288002c3920567adcc9356c0c42079",78
"936f7c7ea5757373e242ecb2edf8733e",36
"83a45a7c934f94a2155b1905b3a5322a",43
"f4993ea775e4b217485c9be1b55db40c",79
"b9587741d087fd10185c89cb3718ed76",80
"87bcaf55327dcf9d950146738b01c442",19
"bc2fb2cc0504715605d66d84a8129753",81
"127849cbb975d7a34b7ef84759b306fc",82
"2fda9afb3b4fb48e950800a28dc04093",21
"4441df1241a831cd23a00d9a86b47d3a",46
"0ed59b395c26a1e7b4809358ead10af5",27
"829a65b5a9b22aa896d57709dcfbdfd7",39
"f9e7d57d0362b227d17c54cba261e5b5",83
"20782acc8aed9e1a72b66eab46391fd1",84
"63b63616f650a6441617089c7561a456",85
"cf8e6f2133fc27b176a3ad2eafe76eaa",14
"79fd6f04eefb7339b682363b4d719da9",27
"7726f3da71c38658576095b06e12ee08",86
"e60882aad6a4981fc52428c80888eaef",87
"e1898e8752e0e3bcec801dde2e5c8a3f",88
"11a7be226796280fafb6cc445f2a8ade",23
"08d2669fc4e3229a6ca1ae68ddbb7f0b",32
"8a6160176f8606299ca8d0d8927c4e25",89
"dc705e4640f4fef4fa26fea79d044eb8",61
"96e917ee2577bd5eacf1e16e21bd3b5b",90
"5d125179310ac02ad8c2ef0ca7db7e49",3
"9f4eb5ba4692cc068768b193a7777b73",36
"bc28b549ac1b6a00328dcd1d3182cd4b",64
"3a9bbc9fc9b57fa081ad42d7c88383f5",91
"3ea1bf6c64d59dde5de49d7afc14d582",92
"d02e8e093df5064814273f652473189e",93
"50b64a706d7128d2566798866f1d29b1",35
"359296f65fab6bb0ca05cb9ed5d52e50",94
"07841329de5a2db9cba6f8aa7054b703",39
"e3418d4bd79eb38bd18568260f401189",95
"588e499a5d8d3efd2234de9bd0cd741a",50
"2e8ba4a2f665cc3ad88530fc739b1f9c",56
"1271a904ac94b93ed6f8df6a7132925f",13
"7b3ca5e1f4bf9dbb588534e5f6ce8ec7",96
"ae0fbd4ed28044d1db9b5fecd0f9ae7b",97
"b7622141892cb53bde21e5e4e2991820",89
"a21cd10f0ed52a16e93842e7069e44c4",98
"84c7df5a665a470beec23889997097f6",3
"614c15f113c9f816c19c334ca8d3d823",70
"777b39dbeded4e6341d1aab30b69320d",88
"e9fd519a732404486aa1e29eb4bfa6a0",99
"33a052f979a4d732b549b1987bcfde0e",3
"52e73d4a0ca505e2a2dc8cded9bc9779",100
"0d39dccfffa228492193ceb7c9b44a18",101
"720d406daeb55a0b32df955adfc6b829",12
"18b23012d316509921f29c1e32543792",102
"969dc0ab5ed42cd57d83e1987442deab",103
"52c82e758ee2e175694b73c4d6756dd5",104
"57b1c90dd56187422958647c8c6908de",105
"bf66fed506107c6e11c51fa68411afd3",60
"60cff0cb07c7966b728bdff37e7a2994",106
"480a0d5469d306cff320a0a9b1e00b08",27
"6ede5d49e8dd05d64b2e74a2d19d244b",76
"08c910312cea444cee391e677076a923",107
"0a5e3a290be3af342366247cea4f49e2",108
"d50d5b5e59cf13af723524521a709714",1
"5b760b0d66ce697eb7b92bdee7d98387",24
"b52bef606a869819542d388fa6564401",11
"45043746a8db7ce8df7f495bc83f0d9e",24
"e551d76d8f6f9af743eda7d26846b2ee",109
"36ae63232f8abeff1417e2b010a4ae5d",69
"c2f8858dc9706bbb9eb3b549648a5013",56
"24420baafe09b900698de191b1bfabdf",39
"27fd36c43ab3cc0217fd36882c00ee15",110
"e29fa91469dd64fc83cd5f64437b8ef9",37
"b2e05986be30af7227a251e970edb220",110
"f75a976e31185a293fbc3c5cda310cb8",111
"d0927c9e65df95a8bfa8bbf6143a81a9",31
"3ab819bfb42700789876583795bb53b4",2
"72b9333c64a5c238781800a85b9fae5d",51
"9a238d4fb7fd5bd436738978dc3af60b",92
"bcd714718bc69614671576e61d2d5150",25
"e05140421d0e7274b61420b4dfb4475b",50
"9419ffcc48968039af9907c489a50a9e",112
"346f1043e8630a0ae1dfb0fb1e2f9946",50
"3745e70ccda9c91219c940a1c3524014",30
"f794645970f87ca1c737bcb05d351a76",43
"7b1cca8dcc08a391005ebcfe2214824d",113
"60762878843090aa26097382f69d34da",114
"2240bb9e095dfd535ce6a1e2aa89c7e7",22
"e3e611b0c553c3e29ece8455f6180d59",68
"70a9b1352df04294b47b5eae2242fd6c",115
"e6a169d3bb9824d0560f6ff060f4d2a6",20
"10a3639350aa3152b6fd93d454b0dd39",116
"850d86bf10650bad023212aefc78aea4",117
"d988b7adf47d1976f42dea5658673df6",118
"9131a5d70cdc6aec623c0eefb15dfb16",119
"6a56c27f8cf7108486eb822b04981fe8",120
"2ab5e9ddcafcaf06883b61c8bcc959ae",99
"eba2999182c2781e427a26a9fe94728a",42
"6446dc1defd7cf686e04ac8babe4f732",121
"6e0b70cd4f4f3a772cbda207791db0cf",11
"ea09a4759ace88377d83e03f7e9c182b",122
"c287fac948d2152e5ef093dc4b9ea1c6",119
"fb96f1ddc88fd75919d27f69fc67802d",88
"e5b5cfe5726212979498565cbace2d62",118
"5076dc946da082a759ca193916ac9087",123
"f4ae2240b22f84834e53c3bea21193da",124
"cdef783d77b35563d03fa64c026896ab",17
"19da935ab617e0d0dcd16fe1bc38fc80",125
"9cadc9b953a9cd894ef5021a6f880b73",126
"ffe9bdd2c97849206d25851c492c567b",127
"11378c60a34656277df0fbc44296e583",78
"fd4f9569a529ea1d28e41bfe328f386c",10
"c4f475850ebc5b3695df959be7d87481",95
"33f2205caa397db3a6c7d9504ec82d24",73
"a759ddc94367592f2474e1de3acdb224",5
"214d25f2bf9a0f1f68c8b87cb3fcc373",128
"8213d9e450aa26b22b0501bedb6cb72b",129
"f3992856e1db31ebc14cbdccf62da1ba",49
"1f21c01708869e975a984b1ee0c53d19",72
"94a172df1e79336246be505c9a372158",130
"fd28e25b5accae47c1ba87da08c2f551",28
"9087b09ca7484332b0508bc1ccf08167",131
"14d222fc2104b7bf21e40ff2c909d84b",132
"e457eee71008471a27189c7320cc073b",133
"5d30fa14f1469b1e7978b10bd3b52e21",134
"55fdcf5ade03ea580c58ff87f586e71c",17
"7e87704cad17d9767ed0a558cf847a28",35
"c067f471ecbdc1104b8cd40ab8d8edd1",5
"d1795d4eb9e9c22ba11277e198aef5f1",135
"29f59b5edfffe50cb3f8a5c9cdcdf7f7",49
"09170ccbba4ec4cf921a8e14804ecc73",113
"1ed69a098846ef32de805767e4ce16b5",111
"55cbbdfefbb554170afb3ff2b629b954",129
"438f88c58e41522c372371bd7f366645",80
"5f905fe9a3fadcc9a02a8f63e140b990",66
"41d2418f8f4a8dbf84d62c10f60d5bda",136
"efb8d79f15f573fb51c18f352e65f782",137
"633ebc789b0c925b1fdba77cde329fc9",138
"c2ce67da4321b55a4eae0a03c084ae5a",139
"a76c8c5e3f86f2d50753b3243b41aecd",66
"edeac49d02128ebca50dac3ec8d5c02a",106
"6f0a3622a3b280c10a2ea25bcc0694e6",30
"0340b4932a9442d59402699cec7a7f9d",140
"fdccaf84ee1c80ad427d452ae9fa826b",141
"222987920805435e413fe148f13950cc",30
"a658ca4751aefc3e66fdd42d188c9965",2
"10b22e9de1a0a2ab3fdd5e0e9d6fcbd4",56
"18529388e5f706f7b1db87d36d60161f",142
"681ba23258a9280e78666d6198873c20",128
"14ef6adfe58aa88996093d70bddeab4a",10
"bdec9e4560ff0f27a8e44786e31256aa",143
"20b2a87a7df74d73a20f17214fa3b74e",35
"1fdaa745b9e08d2d06470ef115eafb98",107
"f53df2e54d3e59cfdd7ae65984795bc6",88
"4271081b8dcacd17b0fafddf757ea433",93
"e35228a14b75716bef68f107e3555605",123
"54b562baf797b1213d663be4884317f8",125
"e33ee1b8ddbacd0fb968421f0ac674f3",67
"3db0778b14a9efb8cf7f11113c0b8718",43
"683d1b36095f92e9f3ced9e7c73915ee",99
"c0e12e9c776864d093c0e89f26e6760e",138
"7f96126c93a5025e1ca244af5355a8bf",22
"39a45ab4a27edc5a2edf45cc0f15081f",69
"2cf0c33032499cc3f7fa2868de4c2842",144
"212e304679f170a464d2616b3f94a250",91
"c415228f95343c24d017367cc5ab8f8d",66
"184691c539a1cec7b85886aa6b1f794d",76
"26c5aadf241ebcb8269e1e59749f38a5",145
"4a4aafb91e295d01eada57dc5e8dbaba",48
"ebc8fd1d252855df184aec232265b8ee",86
"ee4ac6545a6964811ec188369b533ff7",119
"0bd50552159eec93b0e6c9161e7dcce7",16
"ff8c242eb0ebef0d5bea34a8389605ed",146
"7fa88a64c6e5dc5be6501cb57ba1bb34",35
"4050248c2521962207f582f6766a7344",32
"3de9a55f55b1a992ac4f0142fe7e079e",147
"4463b052ed76eba7365990b9741f78ab",128
"745fe7860eed553be95535d4b4dd7770",67
"ac542d9d5c06688449d9d552cbea5990",112
"234c5ad297180bb332a93eed4cea5281",1
"ad57d6458cfaee0282e94dfd38f22341",123
"9e72cdc929bf24344f9e65ea47793308",108
"98c1b6efb63e95e7a75f8d2dad042392",121
"0c2dfbd0907942922b224e650b33a020",76
"99d2491ca9702e5053cb6e62d0349555",117
"484adef5878ee538ec29cfcc93697d05",104
"280ea29ba21ce0ed788077eacfb777c3",118
"ba2e8e7f819641dc8f308909a5ecdf9e",127
"916279ebd06dabefdf4b1399be2d841e",113
"6766362511a27c12d6d0cbe6194497e3",148
"fe0004363e5b73e1286503802820ca60",149
"2cd415207bcea80d44072ae90ad8d1a2",150
"fc0a052228c51f30681ffdacfa1a3695",151
"d6ae66ad666439451e25b10fbded2b54",152
"c44651e50faeac60a0a4035f5a4efe19",153
"4033efadb75b7d22bcf3f293e4ceed06",106
"b451f605f289d37bed2308f752910949",154
"015cb56bcdc64e59e290ba4fa134fe5a",66
"3d2a206f8e9fe2a48820e27f41d602d5",10
"1c4babc175b17f12cef1250b8a2ba1ec",64
"0926478db4b64f8039690d72256285c5",138
"ccafdbd6d376d401ccb2df6bc4da9482",69
"06df37d8af2483f5c8ddf7cd2e42a43a",118
"245d8b8bfebe3fc813f46bd82650339c",155
"49d35e86d9008a3d6de86795c988b060",153
"27a7de42a7e91143ced26d187f5356fe",156
"85217fd04e507a6c09341cfad7c30c93",51
"2ad58b0bbfb298334882bef2c7ba2cf6",157
"e38bae89caa9e6029e2bb575ecf1465a",62
"5a700a58312010d16137e9b644d0019e",158
"73af7f98d490fc0bc44d3c8d4468ea21",68
"ef696b3c8168a0c679642b030fe14042",40
"4c1d0fd0d4d486bc1d250703e6097c59",94
"b9894188e486eafeb97f51966dfdbe38",159
"0cb05af39849d07b2d4ac0ec1e9849a4",35
"dd4ae3c6e9c19c7b1606672964de8fc4",129
"be400ddcd1f276a0a059fcad59a10f82",160
"7e2cb8b83c819bc06629efac5d6e8791",145
"9580241cd3ad61d374e082d6d72435d8",161
"63922a27f3ebea12600766eeb21bbb1f",115
"91da19799ffe8dc0afefa61737f55e81",158
"5084a2d0cd5993dcc59b03b12b2413cf",162
"6df0b032cf0932df46ffa69d9e8c87f0",163
"eb36d76a11cd2f1e37ac8560516ecf2f",115
"b6515c4c760f39deefb56df7b20ec893",164
"589f987e12452d0beb61fe40c0ebc02b",83
"1332ad4cd9f3fbe79e9f2ea676cb051d",165
"9db882502a435a146bc9314abdb8d392",115
"18e7fd9ee3e8ac9e5eb56ef854194ae4",82
"8f7d47a28959654cfbd974becf0c3ae5",166
"d2cf9e654b12ab939e1b472f5e737e33",84
"81d14717e9f4f2bf7935586cc3df5deb",64
"ef0c33c537b29611a9c3a6168987a45e",110
"298825a536602c645170fc20ba3ae1da",107
"23a5b754fb162d63deae8c4b27813420",54
"63805a2105690576c8983608d940d8d1",167
"45ba6b9de81ccc49216a076463029e4f",168
"9d6f190c9d7d3ff0522ffd1054809029",54
"e2bb73f69497c1f8c5f1bc16d0196fb5",70
"14986c1003ff595b56179153084b9c66",169
"e6f7f9cab5c52f88d0aebdd741f0d99a",32
"efc3e618eef5daec502b6d33a3bb11f1",30
"758a7e9f92314c0e74d8861b6e767d2a",170
"24a572932cc6db210ab51b9597aa6212",171
"f61f7562f2924f94a9d8325b6b5f2211",81
"439f008d0364d686fd04ea0411216083",126
"35a78de30219b3ad7f39b73814370efc",172
"475e27bf3e60bc624563dd2d438e0a64",136
"a45acdf3f45472719c1fd2c8021f3b00",75
"cb1269dfbcde8643bf917a39ecf6e210",127
"860fad29a2bbc3d87ca0de61caa3aa74",111
"5ccde7f0ad35d7a47123478dd67b2774",51
"abb511e4ad2e43bc4af6d5b703fde1a0",125
"63db340580bf2ec676bb00658b1c0a00",26
"c69ffe3249ce3927890affbf161c31b1",173
"097b29638c875a74226935c7f41783bd",174
"80c4949dd64f7a281df91980b9b4512c",129
"2b237304391f336d623c521fb640edf4",175
"4e31f0441e46aa2e7dc667a47543e63a",60
"b2ce58bcb997a55ddeecd79af56a40ef",176
"0657d5a9ce650f62fa9dd05dcab5f05b",34
"97d12831cebb1ae96b4d1b8928dad953",177
"242e71bd937888b897ba95f2491cccca",1
"019e22986ede99e43521b3cab30a7cc3",40
"2f46669d02725d874e8e0abd68a8fe8c",96
"7ba675f98642b415889f93a48a045a88",178
"2d4d65ef8c9f2f338e60f1a7848b2af9",179
"3906b28515c883fdd4690a9f953f33bf",74
"b7871649e893c0341c12b16844ea88db",35
"9e6e3ad5b83346d26bdd841cd8267a16",94
"c65ba99b8657fe78feec2b43d21cee12",105
"405983b66b2daa62427031b7150ce102",137
"4a7bb55850a151620090c05986ce6d5a",53
"2bc7907bf6ad22c17156a5bb87800f77",180
"77ac0a11757b04b4c4961e7500f26c23",181
"78dcff8260d2765c78deba0d5cb29cf7",118
"7ffa658d1353b30b181b6b344460a8ca",182
"b1585961e289c45b81c6483434ed14a9",143
"227970664424f85d3fce8016710f46b5",183
"d63e53bf41258fabd25a5c6fcc10aec6",184
"93ab094b9d9a4551993a33579875deac",185
"a58f2f8763759c267f455936f504d39f",186
"6b941a358b1fd3cf693588d26649fc7c",35
"ac3faa151e3dd320278b3aa050bad5a9",187
"689c98215c09c98509a03ed99623cf43",76
"182d23c48171044689ffe81a8166e2e8",76
"0583ab1b95621c143e986877c2f22db4",188
"0049bce10e88cfd4e7e3672d155e9eab",182
"671be8bf4a07add0223280e2e7a8a8b1",159
"d248244346964b59c70c950617815cc0",189
"637773d9f0381173e69c0b24adeefd66",76
"fecfb56cd65392e856cff057a712ddd7",150
"15ba788481b7c561fea6c9ff1ab5f354",190
"9ece0dab2dc137bc554504e7e0524758",108
"6204f596a0d426b1cd5ce21d2e8f72be",191
"5f728b7fb651b1bc64732697ffa58fa3",124
"df99097ea0734f9903f9740a4fc62f1c",158
"4ff3c330ded8baf78366286ed711b052",192
"0b38097d65e8df72f96d90caf39a6709",184
"d759a2cccb03d0e5930ed99be58d3831",40
"db82217d82ba0b28f99e020a16e0a75e",90
"dc37525de1f40289b59b10af11605ba4",23
"d05a3209cc905c513f21a67adf274c43",193
"6572b150f4458127b7012735b1599278",191
"cf9d6956cc5e9b057171f8ba480e6fbf",194
"3ff3c5bb0778077a42da2324510c58bc",195
"bc50f0bb3eb03a04186284fdcbd8bb32",46
"4d7754a72a38aa6d82ddb5cd6743a3f6",37
"d59b20f54bc899994aeafd37eb5e27e9",196
"3875e588b813287863e24ce0da55ad15",197
"cc44756b00cea0010cdfb8c800132a29",180
"0c63a9b4f0be684316deedc1b5822d76",198
"1e65abe16723d6f23c7cdc341d2c133d",119
"eab506727e9ed4a321b8428d6af78c9c",118
"65b16b7aa3084a1c3b5c012d4e5892da",56
"5e1ef63ffa32940d0e267bc2b1445508",199
"7b8d1e1f5fe0d6a7c27b1b910b442efc",200
"32dca7628eff9be7ab0ffe2701a43955",143
"86cfc924746b5a19818a7c07b242b27b",6
"3ad50a4215bb1048a71d3d53de622160",76
"0196faa171c243286cdeb528205cb261",46
"f7e586cd1aba120f90b8b3bcca71048d",164
"a3e46ecccae8f6cb4b491bedbdf4814d",158
"186bcfc91e843d210677cd34f4ad821d",76
"0d1127265867b13c473ede1ec023cdca",107
"70b9e92d725a21f9471c6c059d63fca5",100
"7056f0ca7e34feb91ddfdb617582fd12",75
"f8d2a4cedc1fc1bde9ad752351d5389b",136
"3a24d60150104ba0ef645cda0763c9a7",64
"1e45be03910f6d7adb8fc191cf93c109",201
"94c501c5d59dddbd80effa77dbceebe0",64
"fb14d33908ae4a43df93147aade033ed",70
"99df631d64c6b75b77158757e5e550a9",202
"0dc26bcd40e6450c192906d80e624902",203
"6b1cb3414d59413784304009ca37d3be",165
"d1be02ff09acbeb63d3af0b24dc9a8f9",111
"7a8df611bd421932f591b237c0515d3a",168
"e426027f054febbd233785b2d8780a0b",191
"ff123510a834d9f003b79379ee327729",204
"f2a593e4a7c3d40fe265f3e456976457",205
"fea146c9318cc59bfb4f79fd1d98c501",206
"b4988d9928d72c917a5c69aa11a2b22d",115
"390f2889e90ee379fa4ab32d3f7c8834",81
"81af35e10617a28f005767cb11c9486c",25
"7f5cb338cccd456d3ccc213677552115",5
"351c4a3a4c02ad9b6c11c9eb75bc90fa",78
"9ff3afc743f61a379bcdaf46a9790549",178
"af2a8e11c39a9537c822a26310e87c5e",207
"4d224b686dce81b7e356e392f86036e1",32
"84e7bae92f00192186335325dca88b2b",165
"99f122037f916c04f1cc118a97b5f7f0",45
"2b13f2206e161e5482b04efb694192f4",208
"68862e6a08ca27d574e574200f90c63c",209
"e832ac9d32b46ec48829481a1f397dc8",79
"7547e0f3221a218936fc85bf54d281c4",191
"0ca2d068f262e8726ff5fd18dcbde0fb",86
"002290f125e78aba49d79d8538a22bcf",190
"a503df500e9cc5c414760f26b5842620",90
"70a6aea92cf6de95f050c25246438b5c",74
"9dbee393675b9212cb8a5095e22daeea",173
"62eabbf89cf45ec294b4f5d048b255f1",210
"86c3e516e8e96361b15158f33c075147",134
"a1e787ac9138660b017fa4b5e8ba8bff",152
"3f640c470562dd6c19f2905302308634",211
"501a5ce43e1485cdd60fc19711dd1244",212
"ec8c4e124c704cdb2985c8db8050d862",119
"8e474ca6583584bcf13ab4264d9338c9",118
"723b932386563d37ea6361bf5777f56c",64
"8f4ec256914ad764705875e37daf30c9",213
"15519e71f57fb48f70f8d1a7e7af2836",81
"50a8c629ef3681f9e89cf41565e75b91",112
"3dc0cf53c6e73c036e9f193c77914cb9",80
"d90fd0f4c03db7f3574c2385370c71fc",214
"c2cd99179bcfe1ac06e8d12c4f36f0ae",145
"8eb48330968cdf80f4e467e468b51705",200
"26d9f9260e8a690884138d9e12434160",215
"09019434101390c6254f71d49f78b752",123
"ce651102fe92b63029f28aad3724afb5",32
"794bfdb274e11828368dccf32e3c1c05",76
"f8fbb3215e222398cfaf4b1351176678",215
"53f1eca0fc0e1f3385b6b5bab1afbba0",184
"ac43dd44c846dbc31ddc0cd8e1143117",28
"969b0ea6ed87ea6dce03f31a12625cd0",201
"ba1c42dd19afd619f492aeab45dfe2dc",106
"365c9e80174edb1aa25cb79a32043c90",216
"f294e463bc38b820e12a72bff7d87ba6",71
"3a7385e03a598c6497f25e50d1aebf68",73
"5c795ade36d29c62b6c5025c445900ab",111
"b85309f910f41851108d931d90391c5b",151
"e5b2360f410c20cf6b58480ee2b5639f",217
"ad01bdb2314538af96fc32e0606731d6",218
"b94b83a0c819267152190472778fbd51",54
"2ced9adc3c335be11ca9beec4dfda2d9",47
"8e74f22d99ebe6fa476a83e8baa68d2a",159
"1b457e3ab45dd47f889bd0c32a45a41e",169
"653dd9b66d63f74b96f2375455cd65ea",213
"5e3390c9b663c93325f5fe6cf8c009ea",219
"eb68648c2eb3fbbff7f6aab8483c26c5",120
"23f76d2d87f71908c38e56d2337e6d41",119
"a0536ef738970a96e7c2b965b466cab4",220
"e15a5aef60b731efcdd1d92e5f08e735",221
"b4f5179b0d2a3bf05d5cd20477587c81",76
"80fabc7a5d9822370f19455d8e95dd3c",52
"459c77b3c308a7f969b0dd02ed2e1ab1",121
"641464e13ce78b09de86f93b4e64e6ce",133
"e52cc0ffe4719255657c3104901b1e77",121
"fe370aa75a4e820ad6a1d92b5c727d16",222
"c9082b1f269625a61905dda67519f36d",223
"b6d8be7ed62eb1163c6f7e8858629b8b",224
"6aa643df46a4fe5d256a3ca32c4c8421",225
"3d38a7ecfc52fc7fd2ce65f94ff17156",226
"563814b59f2c0241d0cdec1b99b7f781",125
"494e0415fdd3e5a0e485194e9d90e3b7",94
"8644f280e9defa703b9ddee4def94c4f",30
"be3d874d1f0f20734920b93904f89e95",70
"5c24ecb5106770510a7983d1fa35b3c4",48
"f1c95db30597ceb4dab851fcb39e08b9",189
"78c1dbb5dc36edfbde63a3af0f9315fd",85
"f5e4d269b7465154aa2ae7737a0389d6",117
"2e46dbf9989d54ecf7cd12d31b0838f8",215
"394ef36f4f9a9086d9b92548f7e142e3",53
"b3359ff8f6434f14fecc81e90540d37b",96
"60695e80074726a365ce56ecb4e65793",45
"3ebf6706abfa77b3fa7c53cc3eee3207",227
"e0c6c9e6972f6ec5d60970394179f6de",228
"a0cb85ea2d01f6281027684f12f16305",39
"500824ce0f055020bbd11103e959eeb2",229
"b73aaf3cede5362345e881606b0af2a4",81
"d5983ba7dae459c01aa1bbcc5336b36f",230
"9f194cc087084894a41526bb5bcb8062",42
"70757c7e540a7cc2ba6484185557672d",111
"7eb642598d93ff855854ee5af72e264b",49
"1b88eb0e298f4e498898d998acc4c5a1",130
"3ddd18a48d935fea32893c024f5c9664",20
"2e8069c4eedd44dda163ad023241580f",191
"be962f746d1cc7a315bc99be7c1da8de",170
"7886c7cb0cf9bef6e84d8abe58dfde67",231
"efe1f675aa8f1cde43e196f6de2808d2",232
"28435d69c821c73417901164ec403f86",90
"642211bc26693f7e1ba788b5825ef9d0",111
"79c91c40b3d7257e9c1d192051ee5092",83
"7488dbf4c9df9cc2d641c4213a8eb0ae",80
"0e8fa9eb8b11eb75d68d06e3e653d194",233
"c127897a2bd849f8ae69e21d9c8bbdbe",47
"7048a3646cea6e7193302a47a662fc97",137
"04d8bfe3febc65897bb0c7adf3d9e615",63
"35b0c293baf26afb7414a752343e6b1b",196
"75d65c88e359406277a0f387bd5231da",89
"adbe330d12884444289f81dcb38591c1",84
"6384dfba1262f8a062c87037f84b26d0",44
"8153e7bde3ae3d45139b8646473cffdb",108
"7821135d432ec5deeb3e9b18216b106f",118
"16e8ad91405764318ab7965bc7427c22",234
"1c11f6d08a4c798e29f4ad08af7d597a",54
"b0c4e72761dd368ebd01dcfbc8df47a7",109
"7a73b6fd8d1b378295eb832a9f66695b",53
"13e96d2d5604a8a3dfed13aea6db0ec3",235
"a92c77076109438a25051b62c3136a9d",94
"7cddc97c5f44b9a8a5291000f291016e",236
"96b717f1a4d8a24547b75c50f79bc7bc",76
"2848f464ccc5cb51dc4f873c7e11b506",111
"0f455efe9b0485dee7c2c44177cd0b73",74
"b3b5a83474b6e6f702c6a9f3b7059def",157
"8ca936ff7a8fb16574471ca8d70bd357",28
"bc58dad01496869d3de1a2b89cf80af1",168
"02d4b9262271650edb1fb4a541464579",146
"b8624531c50b3f73a9cd9b85f9d3e6b4",97
"9d6e1bd4bafdf9492d4092ae8e07a2e1",101
"8a285687f1a72110c46cff4277f3169a",237
"bec9aa12872b3ab439f434473fee7307",238
"45c22a4535a9e84e7b18b59051076042",154
"4d748a48a08bfe73ac58d42a0d180e96",239
"9b15b1f008df1e7c6f45050c6b03ba98",62
"703c70717cfc5abef8b8807a566ada05",49
"668ac123ba1945321cb884ae0c539169",168
"ba0e732c93d646ef74647fe8c13e4f2a",191
"c7bde4339f9b0d73f3030858419ff350",240
"bccc4f4a90f22c7c8c92a797aca46e1e",198
"4f81120af835b36a03119462e2275dce",152
"bd62d2c00d51a640d07a8ebcaee40706",51
"fceaf850af4f5584accae9a5c04a746f",83
"d046558691e31fd6ebcd4c96f09ad54a",34
"47ca2064e845f37caac22c91effa2621",241
"b9063c8f011d17cafa4d28aead3355f8",242
"3a8a7409bdc33da14a01ec3e3313b9a7",243
"80c635cc2e1eb00634c1076389620fdf",66
"eb5c097ef898fc5f4c9fe3004b4310eb",178
"0f4d9e109a1c058778aca564f6240d02",244
"1d234b87923782e5e7845de604ace162",230
"97c7a8d28b7c6466a4380e81479ca2f4",153
"1f888604c09b27fc5ea448a633684e51",245
"e177a6cb4c5f6010b8e143204a7a5c60",246
"01b445730dce9aeea88ad24f2d7e99d7",247
"753919f11bff8ad4e7e79fd21f41e192",48
"38045b72329aaf596c48340bc1ab46dd",248
"8b435ced7bc794c8fccaedda3e6b29a3",249
"75f48b0ab76133754fd79baab3d2816b",250
"cf2749b0ea9138af58be381995c96191",251
"3bfb93ace3235e01be1088680384c61d",252
"41a20e5bb880c39d9c7d8f710aa178bb",253
"0b0be93aee06856f6f4ff88ddd8ad34c",79
"e08fc6907cdb83f9285674d735f6b48e",101
"1a65ffd01a9368f665b1376f1892f935",254
"84d29b7db00b8fa46c49a58384f4a5be",255
"0ba325941c3493c5e4547916b97071e8",113
"78a44b21394efb58085a29bf2db5b2f4",256
"c6a4b1fcc2b3bed0cbf963c049893d81",111
"501b9419eb9e46ae3f6a435002750c92",229
"dab644aa2399f9c44cb7912dab6a281c",26
"6857ca5ce8fc2c9109277d757d454df4",111
"5038b7a8bf22c73b702a483674cc2482",75
"8c1fdc94b508dbe2d2917bebad8dba6e",246
"42e0e08f92957bfb2d503e42e6326711",129
"5a9c0363618bd1915246cf1f610f845d",257
"59f58018ba4c793b314d1776c286804d",69
"9822f5d01f1a8e85cfaf5111727f74c6",123
"6573204880d2a98c180f0fc920b7dcd4",59
"2a6feea38877cb87d009babca13e0b87",131
"477202b8255a43e0ce1e2711db4ac6da",136
"f615ef4145da237afb065e7bdbe13dff",151
"1334549126cb752e02f7673923cc0e9e",116
"35608ba98311da3e2aad29125dab0b2b",131
"6f365a47f443bc09013c61d9c0efa69a",258
"0513759e86f1a6f2fa4803110385ff2c",126
"7fb141c710b29076e2cdb6619f759d54",15
"4b9f59a087cae7f837d9e6632527ee46",259
"ab1aa3afdc88a261b39a933e2ab3572e",112
"3d31eb885a04dbe7de4dfc0754c5bc47",144
"063a80028457828bd6c02d7a49e0c039",176
"d231f5059d074d964da53fa51e46996d",85
"fed52d341a6da44bb9b785c4954bcd4b",260
"f5f3af05bb8b4fd6122f59344bd1fe12",53
"17357653c4507c46ff9941326cd639b8",224
"324755a1b30e1be773ce463236f1fa79",261
"8cc4cbd714756b61b2722493a569e78d",262
"5bfb648d51d0e1191c9c939f8fbd9483",84
"59496590542304c85ee927c1e1b690ce",163
"372c2cfd9c528e2a158bf1d05435ef2a",73
"33e85a81f7153a060d4da8b78f1100dd",197
"568b9f32d8826d0707a16b6bdf2a0aa2",84
"85a51c9de689df7577c0d4099e71f29e",9
"a58334ff761aecf1052ce3554c7a402e",96
"c8779b48c863ad77c07cbe09cb36a234",109
"b4b5de40ddf413c456b7d1bf00967d2c",53
"b1c002d7cafa5496efed0c81f27d37ab",160
"3f5b67cd496148dbf39f4015fe3e2d49",263
"3806fa750019a1fb626073c21bcf12ea",228
"c6ca753afe08936766fbc5bcc73637d5",264
"5e257053bb8573f33752245480a84465",265
"4d435269137d3950b49fb8e3cae6cc48",266
"5882b5411e68512de427b8bb0b9b674d",267
"51b7043e4a55fc9539d42c6694eab91c",171
"8b0a8029e048a8e537d3f8a42f060a8d",89
"084eee68bd501bd624063df672fb94b9",268
"be84e247315617adf428bb10f36edd9c",269
"b32615442f4c3edb28c87e25a817fb3d",79
"870f2ca4afe0ea3ca9dc5d8aa2588c76",270
"17b131494e5a248d8419e3f6bee68227",168
"916cca7dac5b654d32f31f6e068c716b",112
"5f9db4d36e11ba12a3018c767753d169",49
"a11f6f63dab6c8dcd7df56a055b77b38",268
"c927a90c7527a2514a2e84d8d488a643",271
"3b61476958cd60b5fc44d5940330d5fa",107
"60d1a29baebf3034d87651f9157894ed",31
"3eeee9d58d34908fc604f3adf561a098",272
"50a88879a23b3f9d9e9ccef23dfa3376",65
"ff2e9b330dd22c2e9a3cef84a5997d35",215
"8222333188f4148318d0af23c6328c82",273
"92ec8494d18632d4df9012140b1cd20c",274
"16f230b62f7321cbcc8b8e91c0275690",35
"2882a6b517caefc6fdce6f76c645fc31",275
"2789a3c19a8d539b3e1a6eeadbdfe898",264
"6c9ed86dc5787ff68e58a405e86434c6",276
"2199db667a94084aa5b26ad7f8a01475",45
"1a768221cd1add1219bcfe9ba500e0d0",277
"b15d65c42765796fc6b636d8e71df02c",163
"30e867b04ad998a012e30c215b943515",213
"c10e4af7d33f20ba2baded1cd54be6d5",217
"7dd60a98a2b2ad504c2992289fc6eb82",278
"ca1f3d026e0009ac58acf60d52d538d5",279
"ee66de122edffc4bf9e11790f84c61d6",252
"de806f0a7a4303aec9987f7bcb5d3283",280
"bb2935a1e889aa4fa85b998f66b1d899",281
"d9b0a97e0c412058a76066c3cd6c3a09",113
"fa9d9150f720664822ad79201ecb20e3",44
"4effa8d12291c1166b07d33a35056a75",113
"b1957c29868d41718e523bd7078ae0c8",282
"9b37b511067604f00259a9407e64354e",62
"50e662491d8edbd8ede68c2c677262b5",87
"3a47dc1e4a5fe923a0b3fcddb0e4e441",283
"24f55135eb35bb4f70344cf9b179681b",284
"21a1e86167906070087b7c519c70d54a",114
"fff9ca47722f8e168a6a46a35d721893",191
"5d07352d6d39adb79566512d7eeee79d",285
"5243bd0992f20e00c4dc1e5615ddb7d7",286
"8bcc5ac58323ee3db09460c4d187b0d7",94
"46060d747e32352527c374aeb8bf6108",152
"d8bc1285a51b00107eebfacd7eef0166",282
"3ddf77448c83759515f61f648276c63c",94
"ffff307017cd773376478d93c8a99093",49
"56077cba7de941fb3f44b7bf000c0cd9",69
"4a63f13af4c34f57922e0a964e8e5ad5",287
"5052a577d62295b4501a86fb7b7a3b98",46
"ca09b39582759915b53aa1e97c24d81b",48
"925f19213a8fd8767e63c8824daa926b",34
"c0d1b3a04a512550f35d1107a0846c40",146
"1955c3ab323bcf6392049e7fd5694ae3",119
"c7ebe5bddd9284e4b0bd4a8b06109608",288
"7d26845170feaf55e955eeae644e0da5",90
"fcdae81214417659ce289f4a0c713f3d",289
"b4c689b1883c8b4b634b61932afe2ea9",198
"550cd1f6e64640865f9bce208fcc282f",198
"b22db3f788974a8d0dcc976aef26bc11",131
"e7d7b7fe833484cb21057e59412a5467",290
"36c08a3c4aceedc17ffd839aa4e733c1",244
"938899faa13e581bbfafbd9e283558bb",96
"abe8a37bde32dc2e6f8fcf0d78bad73d",103
"2b9af10ef560ea17aec37750b6487ee1",291
"c2c824e6b4cf66cadcc81428be461a98",292
"d11328296bd317e389f4b0ce465f4222",280
"01ae09ca363a1bf2d9e8c0350056de6c",293
"697b69fe7b8c10421fa2773f22b38a7b",294
"486e56f126ac0fb82610d4e15f71c4c9",29
"16d988b7c7448172d26bd76635999a8d",295
"ea70177763fb52bf46c7b4bcce161891",296
"66885e5acce47646f4242a4c3f9ec846",297
"6ced19feab8d80200630ea73846e03f2",298
"58a5506c9f483f68b0fe5bd99328ac84",299
"15c7eba99ab06cd6681027c6309d76a8",89
"e1ace4d879014aefb7c984075f78694f",73
"c819664b7918e50e0037d17ad0562c85",300
"6a7f5035e05f8a872e7f85a9fbce6833",79
"d1637da5878188252fea03317103c55e",228
"49659efd21b9831de7014f341b5ac4ba",293
"4e4dc99396a66b63df003e1cd7db35ae",157
"205e77c4b1a7f81b15c77e9618584239",52
"7ee441fc5023220a259c038af269afa2",301
"986fe8bd680d4975125912bb145c6bae",256
"2be3a22550cc36fa459ee3c1be038862",107
"47e6575e7b13eb55cb3114147573d2b3",195
"a801f5d2ab064d7c8524c07a65775e7f",302
"73e339f43f874ae0653ee2bd8183c87f",303
"986697e28bd500ae33e211154556060e",304
"a85c51c418f0d49eafd70896792b720f",305
"9e578172981058f26a739b9e466a62fc",191
"a317e49986d3680eb441f2c1e2aeec49",306
"abf9ff3e775fd7209061ad7e91012ed4",151
"702050b39476ca4b1cda4a8a88792bb3",307
"49838d11b7210cc57bb35f13bdc4a59f",308
"48d015d2a14cdad2a351ae46b588edd6",89
"ed262d91857132eb15f4e41e0dac02d0",309
"828660c4f173de2af340e367218e7ccb",176
"51cd167a81a749e6b589031eba8243cb",1
"afbecf18650a39de478b263cab3de159",75
"9250e92c9b9799baf7bf3ba69ac0e6d9",310
"3cca4b465f39bd9b338e7d51144744e6",311
"b573ed20ad90583a751f3754084ae544",312
"18c235e06b50acc345d9d0d25c178d05",313
"2d89ff8407c511b290750eeed69ff312",314
"7a94c399e76e293b5591401dbe89b2b0",206
"732d032b08c9128e01bb953c9530563a",315
"5394f29ba67216e43317dd463c98bc22",316
"7724081f812d410e25e610ce6120ea4c",317
"d6c6127d6929ef28d24948d03cd910cb",254
"783963dcd30d29ccd3c2b24aa7fa0b35",48
"1a96d76d1efd7c168e94fbb86649506c",104
"85b6637fccb7625a9d592f4d622394ea",318
"9925df1544bae0fd28423bd207539941",149
"381bcc251ddd12515a0d740e4f4872df",319
"76bb26a50775987a89079ea979b19229",53
"8ec9a03fcebf7c031ee7da7f046917db",45
"ed2957748a536312834414ef27b6e518",182
"b7678bdd349b08c66a5879c40a255ca0",320
"bf3f4cae112d696aa08675d58a647749",321
"e07d605420aed36827e8ef3ebdfab36d",162
"2add4748571bf010d0f6b49746df87de",21
"d9de3631b4ddfff24ca28472debd9d4c",275
"66713a222598262de6c6aaef0ce4536f",134
"063ea4d0363d52d086123321381296ae",322
"ffb5f6969320e53b66399eb8f27f6a7c",323
"bf9f519665cd292e82a9dd33e9b70ada",191
"4b44218b8da0f014755befc4384e9191",324
"15e065390ff6b8f85b2791593d9507f3",325
"0d66d027a2ae329ae7924397eea6c1ad",158
"26e3973a6c93b75da74c301eff00060d",94
"9fbfca46acfa89f2db85851b3db1c105",326
"866247a04f4e60cb92ea99c1c6f8e6b0",327
"25e8d7c3ac51772605bf2c34ce06083f",181
"c829e98ffb92b98047b1c2544c213d96",328
"d619dd1f990d936537355d911ddea2f3",144
"f76893de3281c256ad0d008d13b66f99",88
"e438545696891f9da484c32c04332871",240
"0e3ee0a28e7a339beaec3be8ffd3e08b",326
"bdd3c6e10d387e1bfcb954f2161f7d3e",152
"d3b0c7cad78f7c621364f699c09423d3",329
"99f1bbf07c1f2c015010612059695087",115
"36ac9396551433d245554efa213bd191",210
"9ec316dafb293383ff1a306b0f2254b3",330
"5b93fd5b2af6aecf1a293f81590bc870",75
"ad34ea6b1cc5db5f697c56a8b7da577a",199
"e196ad9f8080daee88d817933d0c2426",331
"9b910865fb791eba6fe61f772c12dd60",145
"82dad63b795b0a66eceef7e2497373f1",138
"d844ab3e72375398f04167220c71ffb3",102
"28b6c82245507ee22e20e5f50c7dfdf8",332
"64bcf87a7b2ec6737420015edd2343a1",97
"b578684c53bd46c67542d229685f6617",333
"5a6d3332479ca45aef79a98b1cd785e2",334
"47c64827b1066dad327f08465f0d39cc",75
"5fa8700848b5d05a92c9346d3a46e3a9",335
"529d2cbb007afc17886ef8e166107664",94
"85d9aaa0bf04f1c6c12c2628a997c4f0",176
"5f8eb4aaae8a8ccc052e339580b08c3a",336
"992a9a676ac627fbc1f1b2d4d58ba7d8",337
"6a80ab29a4728d92e9dbd8eb754af920",129
"4156719e33e4d204e9651682f9c317e9",338
"23c0b45673aa2e83238c59a0ab6775c5",241
"74fbc75d41bdc921b1bbb9c3dc4c8e63",178
"75bc66dd3c26252d44aad195e2ccff86",339
"24c564eef108e64c2739dc89d9997a74",129
"43589aeaf39d00e27c9bb152c298343e",340
"20aa6aba764f87e67a59ffa93a27e2a1",206
"7f22eb5639d7ce43e1b0efd6526da177",341
"1cad75d2959e95324849ba9bf5806330",342
"fc88e6620a8bbe574fb36955d20de71e",343
"57f5d484b07887f0f10062aa41dd97fb",344
"cd8741d9b2abb6feec5f5a54b558fb72",345
"a328e4efa2a8cbac4c0ea904fab3d961",346
"111ac4a4e41e461a35847d4471e0751e",347
"ddc21bc845355762021e57d8ab3bdc0c",348
"636876dec7e54a46571846f812bc9cfc",349
"0ac910716cecc068627279c4ee993581",350
"0a72eeb5dc6f02cd5a73981ae681bcdd",351
"cfa30c7b10d5448a08b2977fa602a56e",352
"723ce640c40104d6a4456df80bbbe905",353
"87185b0580c1aac1cf75d051ed184b77",354
"bbe4784801396688f9a40c5f6157d1bf",355
"7552880c07a964219655cfdfbe2c6e63",356
"99cdbe1f6cfede32d1d163dcbbce0724",206
"3fbb6ae48ef684c26665c0eb0b0702d9",357
"55ed70b048b09df2b4ab99d331d90f93",358
"1f7910113195a50390d506c02dd8f0b5",359
"fb6be499e010a8c5ab8ba739567a844a",256
"4f7911bd0ba8ecf7c52d0a25a698bd2f",360
"e40ad790a4c60d929e669451f573ed5a",361
"25cc3b5bc80a61c6675bff66378a0885",362
"945aa260c60957648ae723e1632a4e22",363
"d0359e0fd3fa253057a2d280e8ac24f3",364
"5f2252b9bfe54a05af0a173a197ba435",194
"0d758083239ecbb54f140f68500a91fb",365
"aa88a1a62bdfebeca155c95c71644c34",366
"0b2d2f16b3b55bd5bfb7d0c315e42a9b",367
"59b77514b3a04a5ab0327e61b3d1ad86",368
"eebf73669d0e14b76aa66b16ec3d7add",369
"a9163dd56e11d620add506f8fa0443ce",370
"b80af3f606b722fef499282649042ceb",371
"73e2d7a68fb741537e6d570eef0e15c5",372
"c3a094e1bc1b06f9c769227bcfb44d28",346
"61dc460d26800bd1d5a7c498c68a927c",370
"7f0cc13006a393c169998694454ae3e2",373
"2f32057b32de8b11da45d2d688a87b8f",374
"39f087a1030b147c3dcf4a4c4f62a931",375
"65cc1b24bfdbb5d25154c0738191cd83",376
"aebd2185e0ce08b141806368b335e22a",377
"ca0737f2f3c42168fd1de92d0db74392",378
"b90b1ee130e191a4c64f1d745573000e",379
"1e8f5d0c23a4a0996e1f26251362a5b5",356
"da9a75077542e6f6139dabf73cc04387",380
"ca3a124d4d78a2f60a9acb4a9aaba3fb",381
"adb7a43745650febfe14629e5e8c53a8",382
"5b9de74e029bd4f3bd284eaebc492c89",137
"5f0cff81a4a133d436b96d969c3cad11",4
"c23d2ecd53d3041565ab15d61df634d3",383
"c87ab6923b9cc67d22259e48479595ce",195
"5554148b46e1870420e06c416469ad5c",384
"559589d982696b2cea5363c566f44198",192
"a0ba75dd5bf16d37be23b0d8f10dab45",385
"ac1a6008abba9b98e64e093d3cbc8643",386
"1ed2990f899b9af040fab2042d39b3a6",275
"4b6aff663dbfa9f228d6ffb7bed84dbd",387
"f4912bfd7ee60031a62f504d02c018f0",388
"86268cb7d9af55bf7b1b8065d1de7b8a",389
"46d02d1f085c338b4ab66f0869cd6ab9",390
"4a4bc989886d293e74e628c1cd64eeea",241
"33f0fb06a0aa1e3cf29c909f96903355",391
"86159fb0c1e8309687737d8047edbd1c",392
"444080ef80195e33179bccdaa82c7f72",2
"58962f3cc04ccb052ff4db8498805ade",393
"f1ea3ebbaa9bb1507c45fc2b8bbe153c",381
"49a820132c5984060c660a9d55fa84a4",153
"f43361dfcea55ccd63f200217013f1d7",394
"1c5fe951fa55c274aae918b299d9b6dd",395
"64e58e6fe9a270a8d342998a8f310fdc",396
"3e1783b197562fb0b4ee89ad9ed2e210",397
"5b780e8ece8607d92d33d674f245fb97",198
"44441e29c1f727864f5c23d9e627b887",398
"316f8d1ef4276f280646814494c575eb",399
"ab5f9da4bdcc7495ff8edefbc223ee07",400
"046f2ad6d12afc2d109d8856e8291ba7",401
"61c55a7a6ab84d594ac5d07e1f3059bc",402
"9461806349fac1257ca7c97609c11d23",244
"fdbd9c53f992601feccd0c7334714eb3",403
"116ca1ac3f8b15cf708041233f2f145a",404
"76bb69028e953e50b863d102ca463567",405
"a66ef16209f63b717163950da42d29ca",406
"9a0248bc91cce250c58157a4dee057ac",407
"86fdbee4985e48ddb27409d9dfe00736",408
"6ae135936fe8f25c0de52842d242ad9c",409
"4306c71b63498b8a26128f102d7ca817",410
"79d4a0212e516d5f73fcd1d51c4c616b",153
"45c9b0a17b1e97908c4ffeaeef63aa4c",411
"a6d8ae4653a89d6c01faa5ef9818d43a",412
"b62c38aed3962603bf74edcb3b36407a",413
"8cb676dd1ece5b4067afec0fff12b7ac",414
"ac0a65b61bed12020ae2a9117eb90372",415
"d878f65da6ee77c9d31defde4676e919",416
"b4c85be41982c6c5a25e9ff5cc0489c1",417
"813dd4f1148799bff9fd02fd76bd61e0",16
"55d447b96a301ab2d7029e782581a5b0",418
"0d25b3c38fb74edff3d13f0de6d97b3d",419
"9e9044872d44090b3038fdec22dc6beb",420
"9bf76dd539e527c19fdbc13e56aa2e46",387
"bbd858eef3728de6688cb71388da16f9",385
"576ad94cea26471bfb762769e9f64593",106
"8fba0caf6687df1e560da66bc4fffa6b",421
"b93da32ae6cd6c6d7ece63221210da62",422
"6f411f34d9f3808a21e8c63321c3764f",423
"511be8c37a2afda1171e0e6049e15216",424
"1a15b5ca669ed512855d2717e417635c",425
"1988640e92d6ca8f98c2f36a9e4d82f2",426
"502adf4604556f86e0e63439ffe9d990",427
"ae435fe8d68fc1cf2fdaa61bd5222046",428
"5e23f9841d05bc8d44c5b329bdedb2a6",429
"433c9734cc568c34cbd713f24a535bba",430
"8fb25d75faa2a32d3accb572a8526080",330
"f73c6c81512f00f5211d25dbae24fbd5",431
"3c760d2fa6dc29d71ddd5c8b8bfe9e71",432
"7ab3db6afe362658215f0a1b0ff87096",421
"de4bd277aa749308928ad40e9dabc497",163
"baef2bbb47ba593a65c72f690ba3dd87",433
"f9c0d0c2f0ccaf77cdb9115c5094af28",234
"17b3c46f56aef608d247af380e2e22ee",108
"548061d0762886ac8eb59350bc292a24",434
"d6aa10ed9eb522288a7d864835ab667a",435
"a2a243cca1a609ee8ab45eb0e707b6eb",436
"317660dee00a0014e049c8141c3a36b9",437
"b32bf3fb1c91fbc193628c9b41b88b0c",438
"2589911044ca5269edc0a0e2afd009b4",138
"c858a9b9cc5953ffd9e377afaf3ad86d",439
"669710ddc125e77599bf446b8a192bcb",120
"4bc77f83b86f2e3529e0831e47bde30e",156
"f211cd28a376b1de96f32f82f55e00de",440
"6135c6468c967d5a65a596b6443479d2",441
"a093c8a28828e08b5cc94b84be042f87",442
"f212626ba8e8b87809e60fef828b35f0",443
"90f921c4cdbaba6029f3d8d54b90f10c",444
"6c210ebe24706840ad71793ddb7debe5",445
"de340e0a92d2ef57ff6e65e2ccf3a90f",446
"84401b978f9705e49b6eaed2ee859cde",447
"6e863f4096f8b7297e2c6db2f3eb774e",448
"bd11365fce486f165d829e37c5ebd1b7",449
"75aed40333685477930f72cd0719465c",450
"800ccd150a5129d778a0d45c3c69b977",451
"e6fa791bdcf73d1005e8ae5fc0f14a21",153
"1e3a8bc423ad2a0c2f93ab50ee86f224",64
"20a9ecd9d3a893beaa3114983234d11a",172
"533f3ca3464f2d0231aedb03412144ba",452
"44532b95933a7933f463d41d32c6ea70",191
"39243f5edd477ab7e540b275fe83c825",199
"9d07092848dba51541b5a50b40ebf0ab",453
"060f46b68142e439529f0093da92020b",338
"2648ba3996ee97274f2d9a2f85ae3a4e",93
"f65a133b67a28b5276b603082cbca770",275
"fc6c5926564b57f8ca5ddcd5fe157366",153
"2cb045385f449db0abaca70499ee68ec",307
"556e4c0b5e7f66e6259f578acf1d95d4",212
"a39f8784c53354e23810a7eb9bc948a9",69
"cf87c54d251b6c879cbcf36f4783b1f7",176
"d8f6255571903d2c495179b4aa67388d",179
"4cd8a560674d00792ac0421becf1c75f",94
"fdb1f30e08f817cf263d3f0fa6bc0de4",454
"39658d3a869c17f888528cb6d5619117",234
"b104f5ac69b4e6ac9cf876f9f2708b38",287
"1fd93690ee827d5a5bd48b381eba489a",455
"fec716a91494305566ca9cc219c9c84b",163
"1b57068b84cbba49fa0e9c4647991bb3",456
"2c34e9b644cb6d5e997c91f6a40f4d30",77
"1deb8e1976f824b0f5823f20ac0b810c",163
"7f3e64b945e1906706abc423ff75e930",457
"80dc87e6d595fbc97d6dd289decb98e7",145
"e59eaa4bc7cae21cf18d1b57f66934ab",458
"d856a4db6078ab5cb2a32eafd23fd54c",167
"8a81ea4f7190ae07a5a7bbe68df94ba1",459
"ff42d97d802b38949ae27e537212e0c3",460
"7453056b498dbcc564af8a0f4c769f7e",461
"c31d9af859472d9ae9f40fd333760e72",192
"688c2ca40725a7e59523cbd3a8191c0b",462
"b08eac0c436d672722be784055b15b90",153
"eff4a9fed1fe69a912962bc90ac90a58",463
"fc1a38396069f1a40e4adfbf0c44e7ce",94
"5c31f3f4e44a1c52994b6d671963c549",464
"4ab5d75a7f99b0acb4a8af68fb42a969",465
"6de4d5c079ac657c4f737e36847e043e",466
"5be9287ae80dd49c77515f8e2abe649a",467
"2e500b467611497376852340cb228239",130
"ea889aef6ab98da399f5d42a9f36be16",274
"f2219d021d590a2a0728c297762f4bbd",468
"503b8d62ca89cbde702c7c851880bdb7",469
"1b7aace4cb70dcaf42c0edbb22a32356",470
"5ba70200f9b49be024ed8a6264ff7bee",471
"b110ccf7b15af15c56815a1ffbede9ce",472
"c24d98c61ef02a444509fda6a962653a",78
"d7a95cdaffbc1e89e3c8b069e4ebeada",473
"2d85b352c7d1e1e4a58b22013af9d190",229
"593919f33216c139a38287e2a543352c",474
"531b06c67bcbcbd39f361c8b2b796b1a",475
"f255466b0629751e7420b54f69f108eb",476
"1ef41dfb06eb192c72b8c2d4c730f6e5",477
"4f473c626815ff81a2bcb1b54ae8b826",478
"2f068aec2d534f93edb3730da188ba3b",479
"dbcfc91ef1784236a48af4f97791516c",480
"ff362de599eacea7dc02f03787d138bd",481
"212facc8801f59f9a55aa25e30fd4a46",482
"075960e318e8249d9ebea22d0c1e26ed",483
"4c7daeefda240f562df1d43a87fd23e7",484
"60f80f2ab667cc8ae0793ed284dbc8a2",485
"9238f9cbfdf77ba93e9e7ca80752207c",486
"32b0f045b851d4a3349879e40b52e127",487
"8eaad22313061a664081a0958c2f5f69",488
"0cef9eb62a31c1c6cf188cb9869aca1a",126
"9b6a146424e062a40a0276dfb2ee1476",489
"741ef887ad6103f9ac1d6342caa66b2a",297
"830cac8fd11fa94802d8d941b51a0c7f",144
"a2680bf1a934f818ec597e2abafeda56",297
"86cd2a92b7cade8035af58749f2d29c7",490
"82aa54f489c57d2f738c9892f109a513",491
"9753ddb88df40b03960c65410f45172d",492
"ea2b41a6135d3d8dfb1e0ab2a6f89f18",493
"27c1900f62531f05a1b05e4cccc614ab",494
"8422585dfcaa1178faa7ee4bb45b70bf",422
"e223952e72bdf454a408358eb6d01837",495
"a49cde7e1abf6667ff16add284654caa",496
"692c39126f6a9e511d8f8775f4bfef4f",144
"688e19de80e30d421db893aaead245ba",497
"abbc4d9668411d97d3e9c7d5af572c0a",136
"598912f0c387063ed38a54b18eb7b297",498
"aff1f192bd38d5a82d22b0deb2533a97",499
"7d8b1819200ce3ee6219ff69b2a604e3",500
"e3648aa51026d512988e95a8aea5a3dc",501
"879b9b18193d027d7049ac5f682eb5ed",502
"a4f9141c6306fde24320049b0aabe573",503
"a581ee17c647691d6a5b75c6e6e3adba",212
"01106da00a09fb64d10fa56a15e2f6ac",98
"fd13007bdc3ed0b560f93773c4392840",430
"62eb3d1cdb44004e375a9e188e6949a4",504
"7e1c3ed8c6fdf6a46b9cd200774cc2dd",280
"e524b83e18cebb04e5cf5b9f61b38466",385
"17ae70a8bce3a9b69f7dfa0ab7907d34",505
"0bca348e07e312f7299b98652cf45828",212
"18373c8a1edef7350cd927b23970b59a",387
"26d7d9b66c5db8231f021dbb57aca332",506
"6d30a57c16c42e94ae1a71f9779b0c67",507
"7a3b7069f98a97a5a0243ed5f4e3f627",72
"5fc559d1dbd4a766fbf66da96c3ff2d3",370
"6621a5494c17fac3fba4c14224df69d2",139
"f807537f3f4095d53ad9310f0c64aeeb",508
"df474670f5ef23fc6b53d04eda389b1c",117
"57038a0c20cc2048434c8fdc17154ec9",509
"c182660cf44e33f7a0b68c47eb12233d",510
"215863e508241d06949ff453556730ef",511
"79d5cf315e6327809b6e76d8dca66be4",512
"9ce90ff8ed5b32a6a2692e0b66595714",183
"87bdee195ab75d779a3c442a1345fae4",268
"24188243e28d95dfc1fbfb0555314390",171
"ae1c2cf90bb61adc8bba903ff48efbd0",513
"163d84d83a039a143943f60088dcbe29",514
"a5ddeaaffc42547e5cd0acbdcb199c28",514
"d0a563acd8c22d4ba1d2c4fdee97b2a2",96
"a36dab5808a84a74f0da40d57d9ad8ac",515
"36180dacd7a69c3f00d1bc6159bf76df",303
"99e9d244f435013b7c2a34367323ba50",516
"96a2cce8c9f2ac692386b0fc94df0c08",517
"5fbdb15e0c90266158b4674c45191112",518
"162c8e3e76866fee6a135656e2f8664c",519
"c57ba18d6aa6d90993ebb2172617a0c2",520
"48daadb2d8a6a6bb70983ec85206f566",521
"44b0066931739fe641372249dcc96de8",522
"227fa5a0c203edcc8236318a8cd4f2d8",523
"fbc182e06312e6c383eb1b39c4088f4f",524
"1f34a3d3d6663f6192889f84f2a8fbc3",230
"4e6a52ade59e940194021dfcdff9df44",525
"da65e5280779fea1f4a7617aab82fcf0",526
"cce83855089daad0b25156e495e805c6",527
"8c5d947ed0cb68e3d81c578a943f6097",528
"50f2ef4331a9c98e28169da38ff9c273",529
"42b37796fa294ffcce24e9d705de020b",530
"5f17a9547a5324a41aaee040aee4563c",531
"1404daa98c204b3292534b7e60031d39",532
"5a4f5cf6d45a6a22ebff31ec059ee28f",533
"a90a6b3d3827693b5ff8643d95324bae",325
"da9f23891d4a5a617554bb2f9a17a373",519
"a12b72cd660ec24d5f729fd8329b8738",534
"ac0fd41ace70f5ccfc0f18e38767cb26",535
"2af82061a0f31b2b84e4dced0e9cf059",513
"7c1ca988846be598abcf57e40fc1e625",163
"87e83b27cb2f2645a30256cb90609146",505
"554175a4cd5c6cfd23744effda842647",536
"45971ecb22f17803a97eaf408ba837d7",327
"a0a692cce68750fc301ab0e6482c9ef5",306
"a59cad47f33ba4df274574d5bc633395",537
"3b2cd7ea50ee90945e1d4346a4e5d00f",93
"2b452d885be8dfae700b38880b9e3127",538
"c982b1c028d93b68f319e8c297fd243f",539
"f1db878246e6e9aa73fb0b1c4d95a48b",540
"024436ec15dd2ded824afa10198819c1",541
"3ce0bee49cafa6baeed5335a4221d407",542
"3b3d532035b7ac2d5ad1616ffddd95f7",202
"af0db1149ad2f58b2e6f00219e18f9ab",513
"97ef9f89aee78e7277b227872cfc4ac4",254
"80aadc792802a28c171e58e67ccc9b3e",400
"a41125b0096f2076fa37ce3e89943c6a",543
"c98e67cffc9fd5eac30beac5068538e9",189
"ab6ef319ef9699118b840b632c76dbe3",544
"83ccf3dcabb9c8d4eaad7b5cd723e949",545
"83c5d3f614b9bf43cb97912d6ad4fc6d",189
"746ec5228099fe7875ab340133a8f032",546
"c2bd0d4ce2075ef41791437650404d80",547
"434d27c01f23a9a3f68de1b9d3be6530",548
"1ae7daf7b51e6488fc8c3868431c10a7",549
"de4844794e8a50b4afaef06a524afcdc",550
"1d8b1770d0278495587978e5c1846685",551
"cc58bc309e497d0bc20718d10fb176e9",552
"6bc673dfd0cd091cba94ceadbf485a47",96
"f0373229749c7d9d62a613895852c5b2",183
"f8ecb5eb1dac6a9b0f78c5e9e70e1203",213
"6397b959dbb8cabae97b957b31001174",553
"6bd55ed8a0843e6c4397f82d7010efa8",554
"75c7909772f5c04968c1529c7ac26cc0",85
"3991358c84639be398b97ea00f468c18",205
"85ab57ec2b62944b8219f94efebfdcd3",555
"e4688aa03be590f06a4b268f66d4bbff",556
"3e1ecc5b1d45e0f1c729e4f658d61a6f",552
"9897c68fae2108f08dd837ffc2d59259",70
"e88918d752a78aa344a07aea2b2bc205",557
"a4f5c15e1f8ec0fd589a2f6e2e2ebe20",282
"c16aefd8ebfe1e66d5875b659f3374d5",277
"ebb01b867c322d8e15665c1ee05f1f27",558
"2828b72f68ad841d7e083b892f07511d",557
"dad5e8e647411fbc8d6a7926f4de45f0",559
"46863f056ca411501e95c9a42d7c742e",82
"da4c3f2576b5646e6ff0d96305a11563",157
"9f93083f7d17c81e6fd34fb249318fe4",560
"3367836f90bf57c99a7cd3b6ccf82380",119
"79af6b978235fbc5a1e6187b4f2e7681",250
"49413a15469ec8c2d4b7ed292f3b4111",561
"527a9b2bef2dc5e20fcede464dd131b5",233
"64d6879bac2cf8b0b25921160bcffbd6",562
"afd9f096ed5f95ca838f629b2116ac4b",563
"4547e1e150fa98b5e5f01535eba225e5",6
"a95abf686d4ac50a419b2487b67d1c5e",564
"dd6927b45a6c2850760ddb94240e0ee2",327
"56d8e36315f6e596f97c91a5336dcae6",217
"d4ce1c58475b95c01df18245890a4805",191
"92382cf6e4384ece2937a0ab6e1e5ee6",565
"ed26cb658c22f2f17983f310efe6eb86",566
"0832e9ed8140b1fb393d5d8a83be2068",567
"ba4a4c37409f8dd046b8f4d2aea21f5b",32
"9a919872213116feb5fcfd38f3ba08f7",563
"2e1f3d19c8b0f82a155d326727483a88",568
"9a9aae6f8ee1b2acd7672e4ded251872",569
"d7007ce1a4b62e1039e8eec12a7d99e2",570
"2248a3af16839aa74764b2bd141d0a46",571
"b66af1fc3eb764a8d38f1b64dc0f8d96",309
"2649e25bbee42d21ab4c95d15ba9d159",338
"372f5ab8e15ea107a89327c925dd26a3",61
"88c4fbcefcb0dfe71fdbe2ba4618571c",547
"6362ca765cc45a0959ead2740d760d1b",572
"2fe7688c00aec573c27d73774e8c740e",573
"6d8bae3b20ba216ae3e96946f17d897f",455
"9fe32123c984cbaf67b5ddf6532c024d",326
"daf6ce9585c1d7787d1e89d66038f490",115
"1c6c81b605de3671589011be53699443",116
"35ff76dca6c3c40037fbc705c71a3c46",450
"daf79707bcc21d141cf58f49551c7dc5",272
"dac7222571104ec8aee7da6d39645610",275
"45ffc9e2077461457ba7a4fbaa7d077b",574
"0440ca7c4cfec87f8dc88d89ba4b1cb5",575
"b07fd35b0f53444747cdeca426b264e6",444
"f7e3fec54fcf387f76f3818031a6fdb8",293
"de32b328cfbbbdf78343fcd43dea3b09",576
"3473791cedd1c6d54cb7a7b44fe5f590",263
"885ee10ce3ea7b50c163e061489f5172",577
"f95d43c7bed19774dd9e1a2632d8430a",127
"180b5fec76ab376c41af93aa330b71b0",223
"8b52aac03fdd123bbe6db49bbf7a95ef",578
"a7e456b967322eb2e78cf1da336f3039",579
"eb37f4bd28f673372133611ebb60bca9",580
"5d0361a3a51dd885910ca62186b45916",581
"88caac47d7ccff425549bc55979609e8",326
"71b672eb71ef7855801600e3805c11a5",582
"cbbab6a539077cb8270fef5647012723",324
"78aafefd80c16c761aa10745caf37126",583
"6b120005961829f9102b5b79edccefa3",545
"b71dbc7663c764d5b8fc63a451a93fd6",481
"7141f1b2363bbd49035e4e4739596200",584
"adb68ee6aa41945c1217e7db4f141c2f",585
"3dedb428ad3651fea707b012678a2be8",222
"40247cb1f2010f8fb0a0aa938f306886",586
"e7d32c6566924bf4dfea472955881743",556
"7504a65dcd1675955185a6eb26545799",587
"0b86ce96ec31f5a2c269f5d2ba618572",159
"6dbc914804125cb4a0ff32e6a0a47cc5",227
"1142367c73f0158e2989b5e4c2840a55",14
"d49246222ccac16c157d6a3f287e1128",309
"811bd6e830eff1e2840805cf2212e742",197
"7cc31bd26a620c54a1a275b1ada26f3d",285
"e7b095ab96c04c4d182b682aee77d4af",387
"bc0b91bd98ed82b3975dd60dbba1db07",285
"19135b80fcbc49470d6993e573b22bb9",326
"0b8fd7c07cb1021f0d0a18bceb83510c",588
"93c00febf29712d85034a8318709b57f",290
"2bb20aacc719a9145f17e65acc906340",290
