Date,Day,Reactor,SampleID in BioProject PRJNA1197561 (NCBI),Temp (¢XC),pH,ORP (mV),EC (mS/cm),Alkalinity (mg CaCO3/L),Inf Nacl (%),Inf Sucrose (mg/L),Inf aspartic acid (mg/L),Eff Formate (mg/L),Eff Acetate (mg/L),Eff Propionate (mg/L),Eff Isobutyrate (mg/L),Eff Butyrate (mg/L),Eff Isovalerate (mg/L),Eff COD (mg/L),"Gas production (L/day, NTP)",H2 (%),N2 (%),CH4 (%),CO2 (%),DNA Concentration (ng/uL),measured HRT (day),measured ORL(kg-COD/m3/day)
2022/10/2,1,D1,Daughter1_D001,32.74,6.58,-420.18,3.36,1419.1,0.2,2000,0,0.04,90.07,78.2,4.97,2.25,8.05,530,0.8569,0.00E+00,27.74,52.24,20.02,300.34,2,1.12
2022/10/3,2,D1,Daughter1_D002,32.67,6.57,-423.87,3.45,1475.95,0.2,2000,0,0.13,73.7,51.53,3.77,0,4.05,240,0.7462,0.00E+00,23.21,54.14,22.65,256.05,2.08,1.09
2022/10/4,3,D1,Daughter1_D003,32.97,6.52,-428.92,3.5,1481.7,0.2,2000,0,1.33,75.72,55.74,5.18,0,4.15,280,0.7139,0.00E+00,18.12,56.23,25.65,239.28,2.08,1.13
2022/10/5,4,D1,Daughter1_D004,32.78,6.53,-430.92,3.52,1467.2,0.2,2000,0,1.84,65.83,47.31,4.82,0,3.35,330,0.6917,0.00E+00,17.19,58.14,24.67,316.96,2.1,1.12
2022/10/6,5,D1,Daughter1_D005,32.73,6.54,-320.3,3.51,1480.4,0.2,2000,0,1.26,61.12,41.54,3.71,0,2.77,260,0.6222,0.00E+00,21.18,56.35,22.47,269.69,2.08,1.12
2022/10/7,6,D1,Daughter1_D006,32.99,6.5,-365.04,3.49,1465.6,0.4,2000,0,2.15,64.96,44.63,3.53,0,1.81,190,0.654,0.00E+00,18.51,57.74,23.75,256,2.12,1.12
2022/10/8,7,D1,Daughter1_D007,32.83,6.48,-380.3,3.41,1439.7,0.4,2000,0,1.31,84.08,75.18,3.95,0.34,3.42,290,0.6255,0.00E+00,19.6,57.29,23.11,230.95,2.12,1.14
2022/10/9,8,D1,Daughter1_D008,32.8,6.51,-419.73,3.41,1415.15,0.4,2000,0,0.53,76.58,68,3.08,0.7,1.78,270,0.8223,0.00E+00,17.34,59,23.66,56.24,2.17,1.04
2022/10/10,9,D1,Daughter1_D009,32.78,6.57,-259.12,3.36,1526.95,0.4,2000,0,0,53.93,40.88,4.8,0,0,130,0.7345,0.00E+00,18.15,58.13,23.72,77.38,2.2,1.12
2022/10/11,10,D1,Daughter1_D010,32.78,6.63,-367.32,3.44,1485.35,0.4,2000,0,0.84,45.98,31.66,5.31,1.26,0,160,0.5839,0.00E+00,16.51,59.05,24.44,61.22,2.13,1.06
2022/10/12,11,D1,Daughter1_D011,32.71,6.67,-426.52,3.5,1479.95,0.6,2000,0,0.42,33.7,18.72,3.02,1.01,0,330,0.9595,0.00E+00,15.37,59.31,25.31,88.44,2.13,1.07
2022/10/13,12,D1,Daughter1_D012,33.69,6.66,-425.83,3.48,1491,0.6,2000,0,1.51,20.03,8.5,2.68,0,0,450,0.9665,0.00E+00,13.59,58.98,27.43,96.75,2.19,1.1
2022/10/14,13,D1,Daughter1_D013,33.22,6.63,-432.67,3.51,1490.8,0.6,2000,0,1.28,29.91,14.31,0,2.91,0,140,0.8708,0.00E+00,11.62,60.78,27.6,80.44,2.15,1.12
2022/10/15,14,D1,Daughter1_D014,32.97,6.64,-436.95,3.49,1488.15,0.6,2000,0,2.19,37.22,14.7,3.2,7.23,0,370,1.0926,0.00E+00,13.16,60.62,26.23,82.13,2.2,1.09
2022/10/16,15,D1,Daughter1_D015,32.9,6.61,-441.21,3.46,1331.95,0.6,2000,0,2.12,35.52,13,3.82,4.95,0,20,1.1673,0.00E+00,11.96,59.37,28.67,189.06,2.15,1.11
2022/10/17,16,D1,Daughter1_D016,32.9,6.59,-440.26,3.5,1478.6,0.8,2000,0,2.41,33.42,13.38,4.68,4.21,0,120,1.1446,0.00E+00,13.77,58.62,27.61,121.53,2.16,1.16
2022/10/18,17,D1,Daughter1_D017,32.84,6.64,-221.95,3.53,1534,0.8,2000,0,1.37,22.77,8.21,2.82,1.47,0,110,0.8272,0.00E+00,15.2,58.83,25.96,166.14,2.11,1.09
2022/10/19,18,D1,Daughter1_D018,32.33,6.69,-350.21,3.53,1552.25,0.8,2000,0,0.25,3.22,1.45,0,0,0,130,0.7854,4.56E-02,21.04,58.71,20.2,144.43,2.22,1.11
2022/10/20,19,D1,Daughter1_D019,33,6.69,-416.61,3.6,1570.5,0.8,2000,0,1.51,15.38,4.26,3,0,0,140,0.9323,0.00E+00,13.81,59.43,26.76,133.84,2.17,1.09
2022/10/21,20,D1,Daughter1_D020,33.1,6.69,-433.79,3.55,1541.75,0.8,2000,0,,,,,,,80,0.9635,0.00E+00,13.59,59.29,27.12,157.95,2.21,1.1
2022/10/22,21,D1,Daughter1_D021,32.78,6.68,-436.61,3.64,1555.7,1,2000,0,1.28,0.94,0,0,0,0,50,0.9085,0.00E+00,12.46,58.02,29.51,132.63,2.14,1.1
2022/10/23,22,D1,Daughter1_D022,33.31,6.65,-420.53,3.46,1552.65,1,2000,0,1.35,4.07,1.62,0,0,0,30,,,,,,107.7,2.15,1.15
2022/10/24,23,D1,Daughter1_D023,32.9,6.67,-426.95,3.5,1552.65,1,2000,0,0.97,5.25,1.44,0,0,0,100,1.0954,0.00E+00,16.08,60.12,23.8,140.13,2.11,1.06
2022/10/25,24,D1,Daughter1_D024,33.2,6.69,-284.06,3.6,1545.45,1,2000,0,1.23,11.6,3.85,3.26,0,0,90,1.0423,0.00E+00,16.96,59.12,23.92,185.65,2.33,1.09
2022/10/26,25,D1,Daughter1_D025,33.29,6.7,-372.76,3.64,1554.85,1,2000,0,0,4.48,1.37,0,0,0,50,0.9711,0.00E+00,16.79,59.03,24.18,174.3,2.19,1.08
2022/10/27,26,D1,Daughter1_D026,33.34,6.68,-432.36,3.67,1547.45,1.2,2000,0,0.69,5.26,0,0,0,0,80,1.0839,4.53E-02,15.61,59.33,25.02,175.21,2.18,1.05
2022/10/28,27,D1,Daughter1_D027,32.93,6.66,-440.67,3.52,1527.9,1.2,2000,0,0.25,4.1,0,2.32,0,0,,1.127,0.00E+00,16.27,61.33,22.4,90.26,2.2,1.12
2022/10/29,28,D1,Daughter1_D028,32.95,6.66,-433.48,3.61,1476.75,1.2,2000,0,0.62,5.3,3.1,1.6,0.52,0,10,,,,,,167.42,2.13,1.23
2022/10/30,29,D1,Daughter1_D029,33.16,6.66,-430.13,3.59,1542.25,1.2,2000,0,0.45,1.56,0,0,0,0,30,,,,,,179.74,2.19,0.97
2022/10/31,30,D1,Daughter1_D030,32.67,6.67,-434.78,3.54,1548.6,1.2,2000,0,0.56,1.42,0,0,0,0,160,,,,,,155.2,2.21,1.06
2022/11/1,31,D1,Daughter1_D031,32.91,6.66,-451.19,3.49,1524.9,1.4,2000,0,0,0,0,0,0,0,20,1.059,0.00E+00,11.16,60.95,27.89,246.03,2.22,1.04
2022/11/2,32,D1,Daughter1_D032,33.06,6.67,-447.95,3.54,1552.95,1.4,2000,0,0.39,0,0,0,0,0,20,1.1355,0.00E+00,11.89,59.26,28.85,184.33,2.19,1.2
2022/11/3,33,D1,Daughter1_D033,32.25,6.66,-455.82,3.51,1558.25,1.4,2000,0,0.7,0,0,0,0,0,50,1.0336,2.22E-01,10.62,61.69,27.47,80.07,2.23,1.26
2022/11/4,34,D1,Daughter1_D034,32.97,6.62,-452.7,3.53,1515.3,1.4,2000,0,0.92,0,0,0,0,0,40,1.2112,5.59E-02,13.12,59.44,27.38,137.4,2.21,1.05
2022/11/5,35,D1,Daughter1_D035,33.11,6.64,-450.5,3.52,1562.15,1.4,2000,0,1.51,0,0,0,0,0,30,1.1133,7.00E-02,13.12,59.64,27.18,201.74,2.23,1.01
2022/11/6,36,D1,Daughter1_D036,33.18,6.66,-446.25,3.7,1554.75,1.6,2000,0,1.39,0,0,0,0,0,30,1.1539,0.00E+00,13.42,59.58,27,185.55,2.26,1.08
2022/11/7,37,D1,Daughter1_D037,33.24,6.64,-425.04,3.65,1530.05,1.6,2000,0,1.38,0,0,0,0,0,10,1.056,4.66E-02,12.94,59.69,27.32,179.13,2.25,1.1
2022/11/8,38,D1,Daughter1_D038,33.23,6.64,-388.64,3.63,1488.75,1.6,2000,0,1.59,0,0,0,0,0,50,0.8171,0.00E+00,16.55,59.46,23.99,218.52,2.25,1.11
2022/11/9,39,D1,Daughter1_D039,33.33,6.65,-435.45,3.56,1505.75,1.6,2000,0,2.31,4.55,1.65,0,0,0,30,0.9164,0.00E+00,14.93,59.79,25.28,187.85,2.24,1.09
2022/11/10,40,D1,Daughter1_D040,33.51,6.63,-450.05,3.51,1498.2,1.6,2000,0,1.86,1.01,0,0,0,0,100,0.9669,0.00E+00,13.88,59.68,26.44,262.54,2.26,1.09
2022/11/11,41,D1,Daughter1_D041,33.05,6.63,-450.68,3.53,1516.5,1.8,2000,0,2.03,1.27,0,0,0,0,20,0.7389,0.00E+00,13.41,60.1,26.5,220.88,2.22,1.02
2022/11/12,42,D1,Daughter1_D042,33.34,6.65,-443.32,3.65,1517.45,1.8,2000,0,0.93,0,0,0,0,0,140,0.7194,0.00E+00,10.96,61.22,27.82,189.71,2.37,1.1
2022/11/13,43,D1,Daughter1_D043,33.88,6.62,-449.79,3.56,1505.75,1.8,2000,0,1.75,0,0,0,0,0,50,1.0486,7.32E-02,11.44,61.03,27.45,160.06,2.24,1.09
2022/11/14,44,D1,Daughter1_D044,33.28,6.62,-445.62,3.57,1561.45,1.8,2000,0,1.88,0.68,1.58,0,0,0,50,1.0072,1.04E-01,13.74,60.02,26.13,267.59,2.27,1.09
2022/11/15,45,D1,Daughter1_D045,34.31,6.64,-420.32,3.79,1563.2,1.8,2000,0,9.11,0,0,0,0,0,50,0.947,6.30E-02,15.37,58.64,25.92,187.81,2.26,1.09
2022/11/16,46,D1,Daughter1_D046,33.76,6.63,-458.57,3.54,1541.5,2,2000,0,1.89,0,0,0,0,0,550,0.8613,0.00E+00,15.01,60.27,24.72,146.41,2.3,1.1
2022/11/17,47,D1,Daughter1_D047,34.02,6.65,-460.46,3.62,1525.5,2,2000,0,2.22,0,0,0,0,0,120,0.7305,0.00E+00,19.79,59.08,21.14,145.92,2.33,1.12
2022/11/18,48,D1,Daughter1_D048,33.7,6.67,-445.45,3.94,1522.6,2,2000,0,1.97,0,0,0,0,0,180,0.6307,0.00E+00,13.83,60.45,25.73,255.69,2.45,1.08
2022/11/19,49,D1,Daughter1_D049,34.03,6.66,-437.67,3.57,1515.45,2,2000,0,0,0,2.38,0,0,0,30,0.5979,0.00E+00,14.17,62.39,23.44,171.81,2.32,1.09
2022/11/20,50,D1,Daughter1_D050,33.78,6.65,-439.71,3.55,1485.9,2,2000,0,1.32,0,0,0,0,0,60,0.9143,0.00E+00,13.87,61.7,24.43,100.3,2.34,1.09
2022/11/21,51,D1,Daughter1_D051,33.89,6.66,-436.38,3.58,1505.95,2.2,2000,0,0.8,0,1.24,0,0,0,160,0.7945,0.00E+00,25.4,56.87,17.74,121.65,2.18,1.04
2022/11/22,52,D1,Daughter1_D052,34.55,6.67,-400.11,3.58,1457.15,2.2,2000,0,0.37,0,7.47,0,0,0,120,0.8947,0.00E+00,28.2,56.05,15.75,121.13,2.76,1.09
2022/11/23,53,D1,Daughter1_D053,33.89,6.66,-420.39,3.64,1505.4,2.2,2000,0,1.24,0.21,0,0,0,0,200,0.7198,0.00E+00,16.34,59.23,24.44,193.61,2.29,1.09
2022/11/24,54,D1,Daughter1_D054,33.38,6.68,-423.86,3.55,1565.95,2.2,2000,0,1.39,0,0,0,0,0,30,0.7777,0.00E+00,19.13,59.08,21.79,211.75,2.29,1.08
2022/11/25,55,D1,Daughter1_D055,33.58,6.67,-412.5,3.68,1549.35,2.2,2000,0,0.4,0.97,0,1.97,0,0,100,0.7697,0.00E+00,16.02,58.83,25.15,213.03,2.54,1.1
2022/11/26,56,D1,Daughter1_D056,33.54,6.66,-433.19,3.55,1551.55,2.4,2000,0,1.08,1.36,0,3.05,0,0,130,1.0236,8.00E-02,15.42,60.17,24.33,118.96,2.27,1.03
2022/11/27,57,D1,Daughter1_D057,33.63,6.64,-435.2,3.45,1543.15,2.4,2000,0,1.04,0.99,0,3.71,0,0,0,1.1509,7.35E-02,14.85,60.01,25.06,138.52,2.26,1.12
2022/11/28,58,D1,Daughter1_D058,32.87,6.63,-430.73,3.62,1555,2.4,2000,0,2.08,2.1,0,3.7,0,0,60,1.0017,0.00E+00,15.18,60.31,24.51,186.6,2.22,1.04
2022/11/29,59,D1,Daughter1_D059,31.91,6.7,-421.1,3.56,1529,2.4,2000,0,1.34,0.98,0,3.32,0,0,120,0.966,0.00E+00,17.39,60.83,21.79,236.03,2.15,1.1
2022/11/30,60,D1,Daughter1_D060,33.06,6.65,-430.14,3.55,1526.75,2.4,2000,0,0.67,1.07,1.62,5.13,0,0,220,1.0465,0.00E+00,12.95,62.24,24.81,139.63,2.15,1.1
2022/12/1,61,D1,Daughter1_D061,33.31,6.7,-434.22,3.57,1525.75,2.6,2000,0,1.79,0.49,0,5.25,0,0,170,0.9987,0.00E+00,11.64,62.17,26.19,213.74,2.16,1.08
2022/12/2,62,D1,Daughter1_D062,32.75,6.71,-437.2,3.53,1530.9,2.6,2000,0,1.43,0,0,7.02,0,0,350,0.9939,0.00E+00,15.62,60.5,23.88,230.09,2.16,1.1
2022/12/3,63,D1,Daughter1_D063,32.98,6.72,-440.9,3.51,1503.2,2.6,2000,0,1.48,0,0,0,0,0,470,0.9911,0.00E+00,16.66,59.71,23.63,159,2.25,1.12
2022/12/4,64,D1,Daughter1_D064,33.6,6.7,-443.96,3.53,1532.2,2.6,2000,0,1.5,0,0,7.64,0,0,40,1.0712,0.00E+00,14.64,60.58,24.78,245.64,2.2,1.12
2022/12/5,65,D1,Daughter1_D065,33.07,6.7,-437.57,3.53,1518.95,2.6,2000,0,0.62,0,2.05,9.33,0,0,220,1.0382,0.00E+00,14.62,60.78,24.6,213.83,2.18,1.08
2022/12/6,66,D1,Daughter1_D066,33.04,6.72,-432.19,3.54,1515.75,2.8,2000,0,0.67,0.75,2.51,8.58,0,0,10,1.0322,0.00E+00,15.32,59.74,24.94,99,2.2,1.04
2022/12/7,67,D1,Daughter1_D067,33.22,6.72,-442.57,3.5,1521.7,2.8,2000,0,0.69,0.65,2.83,7.42,0,0,60,0.931,0.00E+00,14.5,59.96,25.55,198.75,2.22,1.09
2022/12/8,68,D1,Daughter1_D068,33.2,6.72,-442.25,3.52,1489.25,2.8,2000,0,0.61,0.78,2.94,11.17,0,0,490,0.8441,0.00E+00,14.27,60.06,25.67,200.41,2.22,1.09
2022/12/9,69,D1,Daughter1_D069,33.17,6.72,-439,3.57,1481.95,2.8,2000,0,0.57,0,1.38,14.07,0,0,30,0.8311,0.00E+00,15.49,59.48,25.03,200.39,2.23,1.13
2022/12/10,70,D1,Daughter1_D070,32.92,6.72,-440.38,3.62,1448.35,2.8,2000,0,1.35,0,3.14,0,0,0,60,0.8214,0.00E+00,15.5,60.04,24.46,152.13,2.09,1.15
2022/12/11,71,D1,Daughter1_D071,32.8,6.73,-442.06,3.61,1440.75,3,2000,0,0.41,0,0,3.48,0,0,40,0.9909,0.00E+00,14.48,60.09,25.43,164.62,1.96,2.09
2022/12/12,72,D1,Daughter1_D072,32.31,6.75,-445.94,3.46,1519.95,3,2000,0,0.99,0,2.92,10.51,0,0,140,0.8207,0.00E+00,15.05,60.54,24.41,172.48,2.06,0.48
2022/12/13,73,D1,Daughter1_D073,32.67,6.76,-447.57,3.5,1529.25,3,2000,0,0.89,0,4.47,11.92,0,0,30,0.8389,0.00E+00,15.09,60.78,24.14,208.04,2,1.1
2022/12/14,74,D1,Daughter1_D074,32.78,6.76,-448.43,3.52,1526.2,3,2000,0,0.93,0,7.2,8.43,0,0,20,0.8504,0.00E+00,15.03,61.19,23.79,231.92,2,1.08
2022/12/15,75,D1,Daughter1_D075,32.95,6.76,-447.96,3.52,1537,3,2000,0,0.93,0,5.19,7.99,0,0,0,0.9027,0.00E+00,14.9,61.08,24.02,203.75,2.18,1.09
2022/12/16,76,D1,Daughter1_D076,32.81,6.76,-449,3.56,1544.9,3.2,2000,0,0.87,0.68,0,6.86,0,0,20,0.7279,0.00E+00,12.75,59.6,27.64,140.4,2.02,1.06
2022/12/17,77,D1,Daughter1_D077,32.22,6.76,-411.8,3.44,1545.2,3.2,2000,0,2.51,1.36,0,0,0,0,90,0.6095,0.00E+00,13.66,60.56,25.78,262.99,1.96,1.16
2022/12/18,78,D1,Daughter1_D078,33.34,6.77,-433.42,3.47,1503,3.2,2000,0,1.09,0,6.48,6.02,1.18,0,60,0.7937,0.00E+00,19.12,58.09,22.78,222.25,1.99,1.03
2022/12/19,79,D1,Daughter1_D079,33.33,6.8,-451,3.53,1525.75,3.2,2000,0,0,0,2.2,4.17,0,0,230,0.7873,0.00E+00,12.75,59.6,27.64,237.85,3.12,1.1
2022/12/20,80,D1,Daughter1_D080,33.04,6.81,-448.84,3.51,1534.8,3.2,2000,0,1,0,3.14,6.2,0,0,10,0.7828,0.00E+00,11.68,60.97,27.36,158.96,2.03,1.08
2022/12/21,81,D1,Daughter1_D081,33.33,6.8,-399.92,3.56,1602.95,3.4,2000,0,2.17,0,0,5.95,0,0,580,0.8437,0.00E+00,12.75,59.28,27.98,183.39,2.03,1.08
2022/12/22,82,D1,Daughter1_D082,32.39,6.8,-446.95,3.64,1586.95,3.4,2000,0,2.63,0,0,6.84,0,0,20,0.8102,0.00E+00,21.77,58.73,19.5,161.73,2.05,1.08
2022/12/23,83,D1,Daughter1_D083,32.95,6.81,-421.9,3.59,1629.2,3.4,2000,0,0,0,2.98,6.39,0,0,130,0.8972,0.00E+00,20.22,59.25,20.54,182.22,2.15,1.11
2022/12/24,84,D1,Daughter1_D084,32.5,6.82,-436.05,3.62,1618.45,3.4,2000,0,2.55,0,0,5.74,0,0,90,0.8295,0.00E+00,10.58,61.68,27.74,120.03,2.11,1.08
2022/12/25,85,D1,Daughter1_D085,32.89,6.83,-454.91,3.61,1607.75,3.4,2000,0,1.75,0,0,6.42,0,0,250,0.8582,0.00E+00,16.73,60.92,22.35,143.72,2.09,1.1
2022/12/26,86,D1,Daughter1_D086,33.26,6.83,-456.76,3.7,1602.15,3.6,2000,0,1.45,0,0,5.47,0,0,150,0.7785,0.00E+00,22.23,64.51,13.26,179.18,2.06,1.04
2022/12/27,87,D1,Daughter1_D087,33.13,6.82,-439.09,3.7,1599.65,3.6,2000,0,0,0,4.86,8.56,0,0,70,0.8017,0.00E+00,24.15,58.7,17.14,224.13,2.15,1.06
2022/12/28,88,D1,Daughter1_D088,33.09,6.83,-356.63,3.63,1556.1,3.6,2000,0,0,0,0,12.1,0,0,60,0.6843,0.00E+00,14.03,60.17,25.79,230.21,2.06,1.1
2022/12/29,89,D1,Daughter1_D089,32.96,6.81,-445.7,3.59,1553.95,3.6,2000,0,0,0.59,5.75,12.19,0,0,110,0.8242,0.00E+00,10.8,62.75,26.44,198.5,2.12,1.07
2022/12/30,90,D1,Daughter1_D090,33.04,6.81,-447.73,3.64,1592.2,3.6,2000,0,1.6,0,0,11.83,0,0,40,0.6632,0.00E+00,15.76,60.57,23.67,221.26,2.07,1.08
2022/12/31,91,D1,Daughter1_D091,32.98,6.8,-441.91,3.76,1510,3.8,2000,0,8.81,12.53,23.87,52.99,0,0,40,,,,,,190.46,3.96,1.2
2023/1/1,92,D1,Daughter1_D092,33.29,6.78,-449,3.55,1529.5,3.8,2000,0,1.77,0,0,11.37,0,0,90,0.9948,0.00E+00,16.17,57.63,26.2,214.29,2.11,1.03
2023/1/2,93,D1,Daughter1_D093,33.12,6.76,-451.65,3.55,1504.45,3.8,2000,0,1.9,0,0,14.41,0,0,30,0.8615,0.00E+00,13,58.31,28.69,172.98,2.06,1.1
2023/1/3,94,D1,Daughter1_D094,32.96,6.76,-453,3.87,1522.95,3.8,2000,0,0,0.74,4.31,0,0,0,40,0.8566,0.00E+00,13.11,59.42,27.47,239.26,2.1,1.04
2023/1/4,95,D1,Daughter1_D095,32.84,6.78,-444.17,3.63,1561.25,3.8,2000,0,0,0.79,3.9,0,0,0,10,0.7142,0.00E+00,13.72,59.46,26.82,219.92,2.12,1.05
2023/1/5,96,D1,Daughter1_D096,33.05,6.78,-447.09,3.61,1517.45,4,2000,0,2.2,0,0,16.92,0,0,80,0.7932,0.00E+00,16.36,56.59,27.06,201.46,2.13,1.09
2023/1/6,97,D1,Daughter1_D097,32.7,6.77,-441.55,3.54,1519.75,4,2000,0,0,0.83,5.16,9.58,0,0,30,0.7039,0.00E+00,20.74,59.75,19.51,206.56,2,1.05
2023/1/7,98,D1,Daughter1_D098,33.05,6.77,-421.35,3.55,1564.5,4,2000,0,0,0,4.58,8.95,0,0,560,0.7895,0.00E+00,22.76,57.94,19.3,188.35,2.15,1.08
2023/1/8,99,D1,Daughter1_D099,33.1,6.77,-446.29,3.49,1548,4,2000,0,2.73,0,0,11.34,0,0,240,0.7962,0.00E+00,20.8,58.38,20.83,217.51,2.11,1.25
2023/1/9,100,D1,Daughter1_D100,32.86,6.77,-451.88,3.53,1559.25,4,2000,0,0,0,0,11.38,0,0,80,0.7465,0.00E+00,12.07,60.96,26.97,234.36,2.13,0.86
2023/1/10,101,D1,Daughter1_D101,32.8,6.77,-452.04,3.5,1534.7,4,2000,0,2.54,0.6,0,13.9,0,0,30,0.8382,0.00E+00,23.88,58.76,17.35,207.57,2.09,1.09
2023/1/11,102,D1,Daughter1_D102,32.74,6.76,-434.09,3.58,1551.6,4,2000,0,0,0,3.78,15.73,0,0,30,0.7108,0.00E+00,15.59,58.6,25.82,222.92,1.98,0.98
2023/1/12,103,D1,Daughter1_D103,32.75,6.76,-451.75,3.62,1520.5,4,2000,0,0,0,0,15.95,0,0,460,0.7612,0.00E+00,8.99,60.11,30.9,180.14,2,1.12
2023/1/13,104,D1,Daughter1_D104,32.86,6.75,-451.24,3.55,1542.75,4,2000,0,0,0.52,3.68,4.54,0,0,60,0.7894,0.00E+00,12.79,61.73,25.48,237.25,2.02,1.08
2023/1/14,105,D1,Daughter1_D105,33.35,6.73,-449.52,3.55,1526.5,4,2000,0,3.19,0,0,13.75,0,0,20,0.8282,0.00E+00,25.69,57.69,16.62,266.55,2.07,1.09
2023/1/15,106,D1,Daughter1_D106,32.7,6.71,-453.97,3.5,1533.75,4,2000,0,3.36,23.51,0,34.21,0,0,50,0.8244,0.00E+00,12.54,58.37,29.08,222.47,2.14,1.13
2023/1/16,107,D1,Daughter1_D107,32.8,6.76,-458.36,3.56,1583,4,2000,0,1.06,0.66,3.44,15.75,0,0,280,0.8348,0.00E+00,19.97,59.18,20.85,246.53,2.1,
2023/1/17,108,D1,Daughter1_D108,32.83,6.77,-457.43,3.51,1598.75,4,2000,0,0,0,3.38,14.77,0,0,60,0.8563,0.00E+00,19.11,59.88,21,211.48,2.04,1.09
2023/1/18,109,D1,Daughter1_D109,32.7,6.78,-452.3,3.56,1551.1,4,2000,0,2.58,0,0,12.02,0,0,10,0.8401,0.00E+00,25.56,57.88,16.55,212.81,1.88,1.1
2023/1/19,110,D1,Daughter1_D110,32.38,6.79,-454.18,3.58,1581.7,4,2000,0,1.13,1.03,3.23,14.38,0,0,60,0.7257,0.00E+00,11.87,59.16,28.97,225.41,1.89,1.11
2022/10/2,1,D2,Daughter2_D001,33,6.58,-352.29,3.83,1433,0.2,2000,0,0,85.38,61.34,5.95,0,5.85,400,0.9917,0.00E+00,29.93,51.83,18.23,120.49,2,1.12
2022/10/3,2,D2,Daughter2_D002,32.91,6.56,-340.91,4.93,1428.5,0.2,2000,0,0.17,79.85,64.99,5.97,0,6.17,210,0.8474,0.00E+00,24.07,54.93,21,100.16,2,1.04
2022/10/4,3,D2,Daughter2_D003,33.4,6.54,-366.5,5.65,1484.7,0.2,2000,0,1.35,53.06,32.81,4.01,0,2.13,220,0.9233,0.00E+00,21.59,55.7,22.71,100.49,1.99,1.1
2022/10/5,4,D2,Daughter2_D004,32.88,6.55,-366.2,6.13,1496.15,0.2,2000,0,1.24,43.21,26.48,0,0,1.19,150,0.8019,0.00E+00,19.47,57.36,23.17,264.93,2.01,1.13
2022/10/6,5,D2,Daughter2_D005,32.9,6.55,-269.6,6.41,1494.5,0.2,2000,0,1.35,47.21,32.1,3.55,0,0,310,0.7216,0.00E+00,21.01,58.11,20.88,279.44,2.01,1.03
2022/10/7,6,D2,Daughter2_D006,33.07,6.54,-288.17,6.82,1500.75,0.4,2000,0,1.24,40.09,28.44,2.36,0,0,100,0.56,0.00E+00,16.54,58.83,24.64,221.01,2.06,1.08
2022/10/8,7,D2,Daughter2_D007,32.87,6.53,-267.55,7.98,1501.5,0.4,2000,0,0.49,42.95,27.8,2.37,0,0,200,0.5076,0.00E+00,17.14,59.3,23.56,116.04,2.03,1.11
2022/10/9,8,D2,Daughter2_D008,33.08,6.52,-282.59,8.53,1516.2,0.4,2000,0,0.53,36.16,24.16,2.44,0,0,150,0.8037,0.00E+00,19.28,59.32,21.4,179.38,2.04,1.07
2022/10/10,9,D2,Daughter2_D009,32.94,6.55,-236.24,9.04,1503.35,0.4,2000,0,0,39.28,34.7,3.94,0,0,420,0.6764,0.00E+00,20.85,57.54,21.6,270,2.03,1.1
2022/10/11,10,D2,Daughter2_D010,32.94,6.59,-182.45,9.43,1520.55,0.4,2000,0,0.84,32.3,23.03,3.73,0,0,90,0.492,0.00E+00,17.84,60.27,21.89,185.57,2.05,1.07
2022/10/12,11,D2,Daughter2_D011,32.93,6.6,-199.88,10.05,1505.8,0.6,2000,0,0.31,21.31,13.78,2.69,0,0,230,0.583,0.00E+00,17.8,59.25,22.94,148.09,2.06,1.1
2022/10/13,12,D2,Daughter2_D012,34.13,6.58,-197.09,11.1,1520.5,0.6,2000,0,0.43,10.61,5.79,2.24,0,0,130,0.6474,0.00E+00,17.72,57.01,25.27,172.68,2.04,1.12
2022/10/14,13,D2,Daughter2_D013,33.55,6.56,-231.39,11.82,1496.85,0.6,2000,0,0.29,15.83,8.28,0,0,0,140,0.6362,0.00E+00,19.74,58.4,21.86,154.66,2.08,1.12
2022/10/15,14,D2,Daughter2_D014,33.27,6.56,-180.48,12.2,1518.4,0.6,2000,0,0.3,14.64,6.01,2.73,0,0,10,0.6442,0.00E+00,15.53,60.77,23.7,227.99,2.05,1.06
2022/10/16,15,D2,Daughter2_D015,33.23,6.55,-220.5,12.34,1496.65,0.6,2000,0,0.26,15.15,5.92,0,0,0,0,0.6668,0.00E+00,14.48,60.15,25.37,214.7,2.06,1.03
2022/10/17,16,D2,Daughter2_D016,33.23,6.52,-303.26,12.99,1507,0.8,2000,0,0.47,17.33,6.57,2.17,0,0,120,0.6911,0.00E+00,14.84,58.33,26.83,133.44,2.07,1.06
2022/10/18,17,D2,Daughter2_D017,33.03,6.53,-189.4,14.05,1521.7,0.8,2000,0,0.34,13.3,4.75,2.61,0,0,100,0.6459,0.00E+00,16.31,58.81,24.88,140.31,2.11,1.11
2022/10/19,18,D2,Daughter2_D018,32.43,6.56,-241.42,14.45,1517.15,0.8,2000,0,1.23,23.68,8.34,2.83,1.98,0,50,,0.00E+00,17.83,59.41,22.76,208.57,2.05,1.08
2022/10/20,19,D2,Daughter2_D019,33.15,6.55,-282.35,15.06,1527.65,0.8,2000,0,0.5,3.95,1.88,2.4,0,0,10,0.4719,0.00E+00,16.33,59.62,24.05,180.72,2.15,1.08
2022/10/21,20,D2,Daughter2_D020,33.39,6.55,-277.5,15.42,1548,0.8,2000,0,,,,,,,90,1.019,0.00E+00,16.45,58.81,24.74,224.48,2.14,1.08
2022/10/22,21,D2,Daughter2_D021,32.97,6.54,-294.83,15.33,1525.7,1,2000,0,0.62,3.25,1.29,0,0,0,90,0.9434,0.00E+00,14.12,57.64,28.24,128.57,2.2,1.08
2022/10/23,22,D2,Daughter2_D022,33.5,6.51,-326.4,16.55,1528.45,1,2000,0,0.57,1.52,0,1.84,0,0,20,1.0161,0.00E+00,15.51,58.83,25.66,157.88,2.13,1.13
2022/10/24,23,D2,Daughter2_D023,33.15,6.53,-334.14,17.06,1528.45,1,2000,0,0.89,1.55,0,1.94,0,0,360,0.8217,0.00E+00,14.82,59.53,25.66,245.51,2.15,1.04
2022/10/25,24,D2,Daughter2_D024,33.42,6.54,-222.94,18.13,1547.8,1,2000,0,1.28,2.03,0,2.79,0,0,100,0.6596,0.00E+00,17.27,58.73,24,221.5,2.15,1.08
2022/10/26,25,D2,Daughter2_D025,33.51,6.56,-319.35,18.25,1544.5,1,2000,0,1.03,0,0,2,0,0,100,0.9312,0.00E+00,17.88,59.07,23.05,232.21,2.15,1.05
2022/10/27,26,D2,Daughter2_D026,33.61,6.54,-326.23,18.85,1535.85,1.2,2000,0,1.62,0,0,0,0,0,80,0.4786,0.00E+00,18.44,58.59,22.97,212.13,2.16,1.1
2022/10/28,27,D2,Daughter2_D027,33.18,6.53,-333.76,19.7,1542.5,1.2,2000,0,1.62,0,0,0,0,0,,0.937,0.00E+00,15.19,59.46,25.34,191.73,2.19,1.1
2022/10/29,28,D2,Daughter2_D028,33.28,6.51,-386.13,19.9,1499,1.2,2000,0,2.49,0,0,0,0,0,100,0.9939,0.00E+00,15.61,59.68,24.71,255.57,2.12,1.1
2022/10/30,29,D2,Daughter2_D029,33.2,6.51,-365.75,20.6,1519.1,1.2,2000,0,2.33,0.39,0,0,0,0,680,0.7648,0.00E+00,14.89,59.65,25.46,240.89,2.16,1.15
2022/10/31,30,D2,Daughter2_D030,32.61,6.51,-408.91,20.6,1518.7,1.2,2000,0,1.67,0,0,0,0,0,260,0.7414,0.00E+00,15.18,59.19,25.62,160.92,2.17,1.01
2022/11/1,31,D2,Daughter2_D031,32.98,6.51,-396.77,21.7,1495.3,1.4,2000,0,1.24,0,0,0,0,0,100,1.0337,0.00E+00,12.68,59.36,27.96,343.03,2.75,1.01
2022/11/2,32,D2,Daughter2_D032,32.99,6.49,-388.52,21.9,1491.5,1.4,2000,0,1.03,0,0,0,0,0,50,0.9558,0.00E+00,16.4,58.58,25.02,156.23,2.17,1.14
2022/11/3,33,D2,Daughter2_D033,32.2,6.5,-421.59,23.1,1490.7,1.4,2000,0,0.98,0,0,0,0,0,100,0.9363,0.00E+00,14.92,59.45,25.63,131.75,2.25,1.19
2022/11/4,34,D2,Daughter2_D034,32.87,6.46,-455.74,23.3,1452.7,1.4,2000,0,0.82,2.68,1.17,0,0,0,110,0.7536,0.00E+00,14.26,58.17,27.57,137.84,2.21,0.99
2022/11/5,35,D2,Daughter2_D035,32.89,6.45,-458.38,23.5,1472.8,1.4,2000,0,0.61,7.24,4.97,0,0,0,90,0.7649,0.00E+00,15.9,57.47,26.63,116.3,2.21,1.08
2022/11/6,36,D2,Daughter2_D036,32.81,6.43,-454.21,24.1,1473.9,1.6,2000,0,1.46,16.22,11.01,2.89,0,0,120,0.7126,0.00E+00,14.58,57.67,27.75,115.59,2.21,1.08
2022/11/7,37,D2,Daughter2_D037,32.87,6.44,-417.81,25.6,1489.55,1.6,2000,0,1.21,27.27,14.62,3.12,0,0,150,0.6846,0.00E+00,18.25,54.9,26.85,148.04,2.21,1.07
2022/11/8,38,D2,Daughter2_D038,32.82,6.47,-294.09,25.8,1479.1,1.6,2000,0,1.27,2.24,1.22,2.21,0,0,170,0.6373,0.00E+00,33.3,47.42,19.28,176.91,2.23,1.09
2022/11/9,39,D2,Daughter2_D039,33.03,6.47,-452.09,26.3,1485.55,1.6,2000,0,2.63,22.1,9.17,0,0,0,130,0.7586,0.00E+00,16.55,58.49,24.96,186.83,2.07,1.06
2022/11/10,40,D2,Daughter2_D040,33.26,6.47,-452,26.2,1446.95,1.6,2000,0,2.82,14.44,6.03,0,0,0,200,0.767,0.00E+00,34.15,45.95,19.9,176.27,2.38,1.07
2022/11/11,41,D2,Daughter2_D041,32.73,6.47,-456.27,27.4,1482.95,1.8,2000,0,3.9,18.87,6.96,0,0,0,170,0.5898,8.73E-02,17.02,58.49,24.41,208.99,2.19,1.02
2022/11/12,42,D2,Daughter2_D042,32.89,6.47,-450.37,28.6,1467.25,1.8,2000,0,4.09,18.74,7.28,0,0,0,180,0.6168,0.00E+00,14.63,59.47,25.9,152.16,2.33,1.09
2022/11/13,43,D2,Daughter2_D043,33.71,6.46,-451.84,28.7,1398.4,1.8,2000,0,2.4,10.05,3.92,0,0,0,170,0.8861,0.00E+00,15.16,59.06,25.79,326.9,2.22,1.06
2022/11/14,44,D2,Daughter2_D044,33.23,6.45,-421.04,28.6,1470.85,1.8,2000,0,1.86,30.2,13.83,0,0,0,230,0.8907,0.00E+00,16.61,57.99,25.41,156.13,2.28,1.09
2022/11/15,45,D2,Daughter2_D045,33.59,6.46,-410.95,29.6,1480.5,1.8,2000,0,1.85,39.12,21.94,0,0,0,220,0.6046,0.00E+00,17.53,57.82,24.64,285.16,2.31,1.07
2022/11/16,46,D2,Daughter2_D046,33.01,6.47,-442.65,30.2,1505.65,2,2000,0,2.49,29.42,20.36,0,0,0,610,0.8152,0.00E+00,17.16,58.24,24.6,171.94,2.26,1.05
2022/11/17,47,D2,Daughter2_D047,33.28,6.47,-424.21,31,1497.7,2,2000,0,0,19.88,17.42,0,0,0,190,0.8978,0.00E+00,16.09,58.94,24.97,188.19,2.25,1.12
2022/11/18,48,D2,Daughter2_D048,33.12,6.47,-426.14,31.7,1516.9,2,2000,0,0.3,22.08,22.82,,0,0,310,0.6829,0.00E+00,17.44,58.86,23.71,285.56,2.38,1.07
2022/11/19,49,D2,Daughter2_D049,33.26,6.47,-438.83,32,1514.6,2,2000,0,0.23,27.14,26.96,0,0,0,160,0.7527,0.00E+00,13.45,60.45,26.11,258.3,2.26,1.06
2022/11/20,50,D2,Daughter2_D050,32.98,6.47,-442.58,32.2,1530.9,2,2000,0,0.15,3.54,3.97,0,0,0,130,0.6762,0.00E+00,14.45,61.88,23.66,235.71,2.54,0.95
2022/11/21,51,D2,Daughter2_D051,32.99,6.48,-244.63,32.2,1514.2,2.2,2000,0,0.67,18.64,0,1.28,0,0,300,0.7448,0.00E+00,17.36,58.47,24.18,195.17,2.2,1.06
2022/11/22,52,D2,Daughter2_D052,33.77,6.48,-361.37,33.4,1502.2,2.2,2000,0,0.13,24.06,30,0,0,0,230,0.4438,0.00E+00,17.56,58.57,23.88,109.63,2.35,1.13
2022/11/23,53,D2,Daughter2_D053,33.23,6.49,-449.87,34.5,1515.3,2.2,2000,0,0.51,25.45,30.23,0,3.68,0,310,0.5717,0.00E+00,15.18,59.66,25.16,172.33,2.21,1.04
2022/11/24,54,D2,Daughter2_D054,32.81,6.51,-441.36,34.5,1538.15,2.2,2000,0,0.3,22.19,25.8,1.73,3.26,0,200,0.5721,0.00E+00,27.27,52,20.74,198.32,2.27,1.08
2022/11/25,55,D2,Daughter2_D055,32.96,6.5,-364.45,34.9,1519.2,2.2,2000,0,0.54,34.81,32.07,1.95,7.15,0,330,0.8539,6.20E-02,19.66,58.38,21.9,189.83,2.62,1.06
2022/11/26,56,D2,Daughter2_D056,33.08,6.67,-321.5,35.5,1615.6,2.4,2000,0,0.37,0.06,0,0,0,0,140,,,,,,247.92,2.56,
2022/11/27,57,D2,Daughter2_D057,33.36,6.82,-251.4,34,1665.25,2.4,2000,0,0.27,0.06,0,1.52,0,0,170,,,,,,203.77,2.67,0.06
2022/11/28,58,D2,Daughter2_D058,33.13,6.62,-412.08,37.3,1593.35,2.4,2000,0,0.95,18.86,24.55,0,0,0,170,0.4642,0.00E+00,24.39,58.52,17.09,284.08,1.95,1.06
2022/11/29,59,D2,Daughter2_D059,31.91,6.56,-441.57,37.6,1552.2,2.4,2000,0,0.27,11.21,19.47,0,0,0,190,0.5725,0.00E+00,18.55,59.56,21.89,151.89,2.12,1.09
2022/11/30,60,D2,Daughter2_D060,33.18,6.55,-440.95,37.7,1506,2.4,2000,0,0.7,11.78,22.69,0,0,0,250,0.3524,0.00E+00,21.08,58.48,20.44,250.38,3.75,1.06
2022/12/1,61,D2,Daughter2_D061,33.47,6.51,-446.43,38,1528.9,2.6,2000,0,0.26,23.39,39.98,1.79,1.59,0,1980,0.5558,0.00E+00,18.98,58.14,22.88,215.97,2.15,1.08
2022/12/2,62,D2,Daughter2_D062,32.92,6.48,-446.45,38.7,1521.45,2.6,2000,0,0.78,32.08,49.52,1.93,3.42,0,110,0.5334,0.00E+00,15.49,58.69,25.82,219.19,2.13,1.08
2022/12/3,63,D2,Daughter2_D063,32.91,6.48,-335.58,39.1,1499.85,2.6,2000,0,1.64,29.19,73.44,3.15,6.07,0,590,0.5247,0.00E+00,18.2,57.2,24.59,111.42,2.18,1.09
2022/12/4,64,D2,Daughter2_D064,33.63,6.46,-439.46,39.4,1493.6,2.6,2000,0,1.28,34.46,58.34,2.35,4.59,0,260,0.5788,0.00E+00,17.28,57.36,25.35,233.34,2.17,1.08
2022/12/5,65,D2,Daughter2_D065,32.98,6.45,-446,39,1478.2,2.6,2000,0,0.81,49.42,75.16,2.28,7.8,0,480,0.5712,7.05E-02,17.09,57.27,25.57,231.28,2.16,1.05
2022/12/6,66,D2,Daughter2_D066,33.02,6.46,-443.29,39,1479.35,2.8,2000,0,0.55,36.44,49.86,1.85,4.35,0,250,0.5519,0.00E+00,15.52,58.15,26.33,162.72,2.14,1
2022/12/7,67,D2,Daughter2_D067,33.16,6.46,-446.95,40.6,1482.05,2.8,2000,0,1.1,39.38,50.65,1.75,3.32,0,310,0.5884,0.00E+00,15.83,57.82,26.35,176.26,2.14,1.07
2022/12/8,68,D2,Daughter2_D068,33.22,6.46,-428.15,41.3,1494.65,2.8,2000,0,1.27,41.83,56.16,1.96,3.99,0,230,0.5885,0.00E+00,17.85,57.2,24.95,180.22,2.11,1.07
2022/12/9,69,D2,Daughter2_D069,33.19,6.47,-434.76,41.7,1464.05,2.8,2000,0,0.86,45.7,66.48,1.92,2.26,0,250,0.5203,0.00E+00,15.5,57.11,27.39,224.47,2.09,1.12
2022/12/10,70,D2,Daughter2_D070,33.03,6.51,-446.31,42.3,1504.9,2.8,2000,0,1.66,38.77,83.08,2.62,3.8,0,280,0.3941,0.00E+00,18.38,58.21,23.4,164.28,2.06,1.08
2022/12/11,71,D2,Daughter2_D071,33.49,6.46,-442.94,42.3,1491.75,3,2000,0,2.3,38.55,91.42,3.01,1.42,0,310,0.2389,0.00E+00,15.28,56.5,28.22,115.06,2,1.43
2022/12/12,72,D2,Daughter2_D072,32.61,6.48,-442.88,44.1,1570.5,3,2000,0,1.13,23.66,72.51,0,0,0,490,0.5311,0.00E+00,17.47,58.37,24.16,199.33,2.06,0.79
2022/12/13,73,D2,Daughter2_D073,32.73,6.48,-443.39,44.9,1577.8,3,2000,0,1.26,11.91,54.28,2.16,0,0,270,0.5615,0.00E+00,17.01,58.58,24.4,211.46,1.99,1.06
2022/12/14,74,D2,Daughter2_D074,32.56,6.47,-442.7,44.3,1563.85,3,2000,0,1.77,20.43,80.58,2.01,0,0,430,0.7697,0.00E+00,16.62,58.36,25.02,172.44,1.92,1.07
2022/12/15,75,D2,Daughter2_D075,32.92,6.48,-439.91,46.1,1560.55,3,2000,0,1.76,14.55,94.73,1.9,0,0.39,110,0.7403,0.00E+00,17.91,57.47,24.62,194.74,2.23,1.06
2022/12/16,76,D2,Daughter2_D076,32.7,6.46,-435.45,45.5,1541,3.2,2000,0,2,18.07,155.95,2.42,0,0,420,0.4308,0.00E+00,16.35,57.12,26.53,226.7,2.06,1.02
2022/12/17,77,D2,Daughter2_D077,31.87,6.46,-337,44.5,1510.75,3.2,2000,0,1.73,42.17,263.27,5.44,1.04,1.86,350,0.2816,0.00E+00,33.67,51.83,14.5,249.18,1.94,1.1
2022/12/18,78,D2,Daughter2_D078,33.57,6.48,-413.13,45.7,1508.7,3.2,2000,0,2.12,9.41,181.97,3.2,0,0.95,420,0.41,0.00E+00,13.86,54.24,31.89,253.12,2.03,1.03
2022/12/19,79,D2,Daughter2_D079,33.1,6.47,-436.53,45.9,1445,3.2,2000,0,0.97,12.68,167.86,3.51,0,0,660,0.3655,0.00E+00,23.96,56.13,19.91,244.12,3.02,1.07
2022/12/20,80,D2,Daughter2_D080,32.73,6.46,-436.58,48.2,1492.1,3.2,2000,0,2.08,17.44,154.77,3.34,0,18.89,500,0.3313,0.00E+00,19.35,52.96,27.69,190.72,1.99,1.07
2022/12/21,81,D2,Daughter2_D081,32.85,6.45,-413.04,47.9,1472.95,3.4,2000,0,2.97,20.58,168.26,3.17,0,19.31,200,0.2988,0.00E+00,24.34,54.82,20.85,238.05,1.98,1.09
2022/12/22,82,D2,Daughter2_D082,32.52,6.41,-429.9,48.5,1470.15,3.4,2000,0,2.82,23.68,171.88,3.27,0,4.68,510,0.3318,0.00E+00,20.29,55.19,24.51,248.26,2.02,1.04
2022/12/23,83,D2,Daughter2_D083,33.34,6.4,-429.86,48.7,1464.95,3.4,2000,0,0.56,2.69,180.32,3.65,0,3.43,600,0.3652,0.00E+00,17,56.8,26.2,208.19,2.06,1.05
2022/12/24,84,D2,Daughter2_D084,32.95,6.4,-434.5,50.1,1474,3.4,2000,0,2.51,0.06,184.22,4.11,0,0.75,560,0.3379,,,,,268.2,2.05,1.05
2022/12/25,85,D2,Daughter2_D085,33.02,6.4,-436.55,50.6,1493.5,3.4,2000,0,2.34,0.06,193.78,4.6,0,0.43,320,0.3374,0.00E+00,16.89,56.85,26.25,251.52,2.05,1.06
2022/12/26,86,D2,Daughter2_D086,33.12,6.37,-436.24,51,1422.15,3.6,2000,0,4.73,0.06,208.47,4.79,0,1.38,620,0.3348,0.00E+00,20.48,54.92,24.61,235.06,2.03,1.08
2022/12/27,87,D2,Daughter2_D087,32.9,6.35,-426.13,51.8,1410.05,3.6,2000,0,0.56,19.68,243.9,4.94,0,0,600,0.3234,0.00E+00,18.42,55.01,26.57,242.58,2,1.02
2022/12/28,88,D2,Daughter2_D088,32.85,6.34,-379.42,52.4,1390.65,3.6,2000,0,5.93,29.55,358.01,5.74,0,4.44,680,0.2718,0.00E+00,22.71,51.24,26.05,258.22,2.03,1.19
2022/12/29,89,D2,Daughter2_D089,32.74,6.32,-427.17,52.3,1375.8,3.6,2000,0,1.99,28.42,413.84,6.29,0,5.84,830,0.2915,0.00E+00,23.4,52.36,24.23,209.56,2.05,1.04
2022/12/30,90,D2,Daughter2_D090,32.9,6.32,-430.45,53,1323.3,3.6,2000,0,3.59,29.8,406.72,6.59,0,0,670,0.2857,0.00E+00,25.74,53.24,21.02,281.25,2.06,0.99
2022/12/31,91,D2,Daughter2_D091,32.88,6.4,-420.22,54.2,1395.35,3.8,2000,0,6.96,4.14,225.06,5.09,1.1,0,740,,0.00E+00,27.45,49.73,22.82,194.01,,1.09
2023/1/1,92,D2,Daughter2_D092,33.1,6.39,-437.29,54.1,1400.25,3.8,2000,0,4.14,44.66,391.02,8.69,0,9.66,810,0.2791,0.00E+00,25.72,53.25,21.02,188.46,2.03,1.11
2023/1/2,93,D2,Daughter2_D093,32.91,6.37,-435.39,54.7,1392.55,3.8,2000,0,3.71,19.23,393.99,7.87,0,11.09,800,0.267,0.00E+00,25.7,53.21,21.09,240.17,2.02,1.1
2023/1/3,94,D2,Daughter2_D094,32.79,6.36,-434.33,55.5,1414.25,3.8,2000,0,1.79,38.35,415.26,7.13,0,5.25,770,0.2779,0.00E+00,25.82,52.87,21.32,213.1,2.02,0.79
2023/1/4,95,D2,Daughter2_D095,32.61,6.35,-431,55.4,1426.75,3.8,2000,0,0,43.15,445.12,7.16,0,4.63,730,0.2708,0.00E+00,28.79,51.52,19.69,222.58,2.05,1.07
2023/1/5,96,D2,Daughter2_D096,32.87,6.33,-433.18,56,1413.6,4,2000,0,3.57,41.36,456.7,6.6,0,4.36,790,0.287,0.00E+00,22.84,53.22,23.94,207.93,2.01,0.98
2023/1/6,97,D2,Daughter2_D097,32.45,6.34,-433.68,55.9,1414.8,4,2000,0,0,35.81,437.62,6.18,0,3.75,720,0.2536,0.00E+00,30.6,51.4,17.99,242.02,2,1.04
2023/1/7,98,D2,Daughter2_D098,33.03,6.59,-448.04,58,1587.8,4,2000,0,0,3.41,224.04,4.89,0,1.62,880,,,,,,225.42,2.38,0.07
2023/1/8,99,D2,Daughter2_D099,33.05,6.5,-448.81,58.4,1542.95,4,2000,0,3.93,16.06,242.52,5.91,0,2.38,820,0.2162,,,,,175.27,1.97,1.11
2023/1/9,100,D2,Daughter2_D100,32.85,6.43,-442.27,59.2,1543.1,4,2000,0,1.85,25.69,309.28,5.58,0,2.4,570,0.2513,0.00E+00,34.86,49.56,15.59,219.14,2.02,1.04
2023/1/10,101,D2,Daughter2_D101,32.86,6.38,-438.88,59.3,1509.7,4,2000,0,2.82,37.92,317.58,5.23,0,1.84,690,0.2619,0.00E+00,33.77,50.13,16.11,217.28,2,1.09
2023/1/11,102,D2,Daughter2_D102,32.73,6.39,-437.59,58.4,1441.5,4,2000,0,1.46,29.67,336.14,5.57,0,1.32,680,0.2447,0.00E+00,26.49,50.77,22.74,217.15,1.99,1
2023/1/12,103,D2,Daughter2_D103,32.85,6.37,-436.92,58.4,1440.5,4,2000,0,0.78,33.73,359.58,5.57,0,0.86,1080,0.2603,0.00E+00,26.6,51.92,21.49,315.87,1.99,1.07
2023/1/13,104,D2,Daughter2_D104,32.9,6.37,-437,58,1462.55,4,2000,0,0.78,35.85,356,5.92,0,3.08,720,0.2534,0.00E+00,23.17,53.73,23.11,314.29,2,1.05
2023/1/14,105,D2,Daughter2_D105,33.43,6.38,-437.26,58.8,1449.7,4,2000,0,2.57,38.46,370.05,5.42,0,0.82,680,0.2743,0.00E+00,27.4,52.11,20.49,268.11,2,1.12
2023/1/15,106,D2,Daughter2_D106,32.91,6.36,-434.28,57.8,1456.45,4,2000,0,2.55,40.11,375.58,5.76,0,7.59,780,0.2627,0.00E+00,24.77,51.73,23.51,230.05,2.01,1.12
2023/1/16,107,D2,Daughter2_D107,32.95,6.37,-428.77,58.4,1490.45,4,2000,0,1.88,33.11,359.69,4.98,0,1.6,930,0.2765,0.00E+00,23.29,53.68,23.03,305.79,2.03,
2023/1/17,108,D2,Daughter2_D108,32.94,6.39,-423.43,57.9,1500.1,4,2000,0,0.34,34.8,385.93,5.15,1.13,2.62,710,0.2744,0.00E+00,28.05,52.87,19.07,301.66,1.96,1.06
2023/1/18,109,D2,Daughter2_D109,33.09,6.4,-338.96,57.6,1472.45,4,2000,0,2.75,27.26,379.47,4.97,0.57,1.71,670,0.2458,0.00E+00,24.96,52.55,22.49,241.51,1.94,1.09
2023/1/19,110,D2,Daughter2_D110,33.22,6.39,-389.27,58.3,1477,4,2000,0,2.02,27.62,399.44,5.43,0,2.57,510,0.2536,0.00E+00,22.34,53.8,23.86,278.93,1.96,1.01
2022/10/2,1,D3,Daughter3_D001,33.31,6.5,-419.12,3.69,1422.65,0.2,2000,0,0.03,106.41,87.7,7.59,2.16,10.65,530,0.7802,0.00E+00,32.21,49.3,18.5,151.726,2,1.12
2022/10/3,2,D3,Daughter3_D002,33.21,6.76,-443.35,4.87,1599.85,0.2,2000,0,0.29,0,0,2.66,0,0,60,0.3602,,,,,95.016,2.18,0.02
2022/10/4,3,D3,Daughter3_D003,33.6,6.65,-436.29,5.9,1593.4,0.2,2000,0,1.41,0,0,0,0,0,60,0.593,0.00E+00,24.59,56.12,19.29,93.176,2.01,1.14
2022/10/5,4,D3,Daughter3_D004,33.13,6.69,-440.36,6.4,1618,0.2,2000,0,1.41,0,0,0,0,0,70,0.3485,,,,,270.23,2.16,0.45
2022/10/6,5,D3,Daughter3_D005,33.06,6.72,-443.26,6.88,1643.25,0.2,2000,0,1.31,0,0,0,0,0,100,0.4418,0.00E+00,20.33,59.97,19.7,274.634,2.05,0.79
2022/10/7,6,D3,Daughter3_D006,33.17,6.56,-431.87,7.06,1545.1,0.4,2000,0,1.21,0,0,1.75,0,0,50,0.5472,0.00E+00,16.12,60.24,23.65,97.601,2.01,1.16
2022/10/8,7,D3,Daughter3_D007,33.04,6.49,-428.3,7.96,1509.5,0.4,2000,0,0.43,24.45,12.56,2.21,0,0,130,0.5499,0.00E+00,21.47,56.93,21.6,254.245,2.02,1.17
2022/10/9,8,D3,Daughter3_D008,33.2,6.46,-428.41,8.53,1445.3,0.4,2000,0,0.69,40.83,26.65,1.95,0,0,120,0.5728,0.00E+00,19.31,57.67,23.02,319.659,2.07,1.11
2022/10/10,9,D3,Daughter3_D009,33.15,6.45,-327.72,8.97,1403,0.4,2000,0,0,73.43,55.3,6.25,0,2.22,300,0.4214,0.00E+00,31.26,51.57,17.16,302.188,2.06,1.18
2022/10/11,10,D3,Daughter3_D010,33.39,6.41,-316.5,9.29,1405.55,0.4,2000,0,29.18,122.36,103.44,0,0,0,210,0.3764,0.00E+00,18.93,56.35,24.72,309.428,2.08,1.16
2022/10/12,11,D3,Daughter3_D011,33.09,6.42,-359.48,9.69,1395.55,0.6,2000,0,1.85,92.33,87.66,5.77,1.01,4.55,490,0.5471,0.00E+00,18.54,56.56,24.9,272.438,2.06,1.17
2022/10/13,12,D3,Daughter3_D012,34.03,6.41,-396.13,10.93,1408.65,0.6,2000,0,1.13,78.88,72.46,4.85,0,5.21,130,0.6651,0.00E+00,16.27,56.37,27.36,338.588,2.03,1.13
2022/10/14,13,D3,Daughter3_D013,33.35,6.4,-415.44,11.74,1420.3,0.6,2000,0,1.3,77.47,74.41,4.99,0.79,4.34,290,0.5899,0.00E+00,17.88,56.78,25.35,291.687,2.06,1.17
2022/10/15,14,D3,Daughter3_D014,33.1,6.4,-419.19,12.17,1444.75,0.6,2000,0,1.18,76.52,73.58,5.18,0,4.42,320,0.5891,0.00E+00,22.7,56.83,20.47,278.176,2.07,1.18
2022/10/16,15,D3,Daughter3_D015,33.16,6.39,-419.83,12.42,1425.1,0.6,2000,0,1.26,75.72,79.4,4.71,0,4.59,150,0.6365,0.00E+00,14.11,58.07,27.81,283.692,2.07,1.16
2022/10/17,16,D3,Daughter3_D016,33.02,6.38,-418.22,12.94,1442.6,0.8,2000,0,1.42,80.61,83.13,5.09,0.79,5.14,290,0.6377,0.00E+00,13.37,56.72,29.91,319.459,2.03,1.16
2022/10/18,17,D3,Daughter3_D017,33.06,6.37,-303.5,14.08,1445.5,0.8,2000,0,1.22,114.71,118.85,5.54,1.5,6.84,350,0.4066,0.00E+00,23.62,53.83,22.56,307.492,2.05,1.17
2022/10/19,18,D3,Daughter3_D018,32.63,6.36,-332.95,14.83,1445.05,0.8,2000,0,1.25,126.45,146.87,6.45,2.43,7.98,400,0.5636,0.00E+00,17.13,56.1,26.77,331.031,2.11,1.17
2022/10/20,19,D3,Daughter3_D019,33.2,6.36,-383.26,15.21,1429.15,0.8,2000,0,1.21,93.58,105.89,0,0.84,6.24,330,0.6048,0.00E+00,15.83,56.77,27.4,308.868,2.15,1.15
2022/10/21,20,D3,Daughter3_D020,33.38,6.37,-407.63,15.72,1473.45,0.8,2000,0,,,,,,,220,0.692,0.00E+00,15.45,56.86,27.69,317.505,2.12,1.17
2022/10/22,21,D3,Daughter3_D021,33.17,6.38,-407.89,15.9,1472.9,1,2000,0,1.21,72.87,99.32,4.65,0.53,4.94,270,0.671,0.00E+00,13.67,56.15,30.18,306.624,2.18,0.86
2022/10/23,22,D3,Daughter3_D022,33.77,6.36,-404.93,16.91,1514.75,1,2000,0,0.5,65.57,89.97,5.01,0,4.7,160,0.7572,0.00E+00,14.48,56.95,28.57,46.762,2.13,1.2
2022/10/24,23,D3,Daughter3_D023,33.61,6.37,-404.24,17.59,1514.75,1,2000,0,1.09,59.49,103.66,5.45,0,4.74,370,0.8254,0.00E+00,13.82,56.73,29.44,328.646,2.09,1.15
2022/10/25,24,D3,Daughter3_D024,33.54,6.35,-320.94,18.64,1504.2,1,2000,0,0.99,74.47,121.13,6.48,0,6.24,340,0.4336,0.00E+00,20.51,54.34,25.15,359.329,1.98,1.16
2022/10/26,25,D3,Daughter3_D025,33.66,6.34,-391.47,18.69,1516.25,1,2000,0,1.04,76,151.28,7.26,0,7.84,390,0.7241,0.00E+00,21.12,55.89,22.99,279.057,2.13,1.15
2022/10/27,26,D3,Daughter3_D026,33.96,6.34,-413.18,19.09,1516.2,1.2,2000,0,0,48.68,0,5.01,0,0,300,0.6627,0.00E+00,15.1,56.96,27.94,307.15,2.15,1.12
2022/10/28,27,D3,Daughter3_D027,33.72,6.35,-410.67,19.8,1513.4,1.2,2000,0,0.23,35.44,103.02,8.47,0,4.81,,0.7301,0.00E+00,14.47,56.69,28.84,321.038,2.12,1.19
2022/10/29,28,D3,Daughter3_D028,33.53,6.33,-409.39,20,1440.7,1.2,2000,0,1.73,33.92,140.33,5.01,1.33,4.4,460,0.7,4.22E-02,15,57.04,27.92,329.529,2.08,1.19
2022/10/30,29,D3,Daughter3_D029,33.5,6.34,-410.17,20.7,1451.55,1.2,2000,0,1.48,32.96,134.87,4.85,0,2.43,350,0.7046,0.00E+00,15.11,56.7,28.19,322.937,2.18,1.12
2022/10/31,30,D3,Daughter3_D030,32.93,6.35,-409.74,20.7,1447.6,1.2,2000,0,1.2,27.7,145.36,4.39,0,1.45,390,0.6426,0.00E+00,16.07,57.44,26.49,263.322,2.16,1.16
2022/11/1,31,D3,Daughter3_D031,33.35,6.34,-409.54,21.8,1441.8,1.4,2000,0,1.02,26.48,186.13,4.85,0,1.31,390,0.6441,0.00E+00,11.39,56.75,31.86,166.825,2.17,1.11
2022/11/2,32,D3,Daughter3_D032,33.34,6.32,-408.81,22.1,1437.7,1.4,2000,0,1.81,24.6,204.2,4.16,0.86,2.84,280,0.6232,4.56E-02,14.7,55.89,29.36,372.683,2.19,1.24
2022/11/3,33,D3,Daughter3_D033,32.56,6.32,-406.86,23.2,1440.9,1.4,2000,0,2.26,24.74,218.35,3.64,0,1.59,420,0.5477,0.00E+00,15.31,57.06,27.63,320.385,2.2,1.29
2022/11/4,34,D3,Daughter3_D034,33.22,6.3,-405.61,23.3,1401.85,1.4,2000,0,1.05,15.29,141.14,0,0,0,520,0.5764,0.00E+00,15.76,55.89,28.35,295.494,2.17,1.05
2022/11/5,35,D3,Daughter3_D035,33.2,6.3,-406.38,23.8,1421.55,1.4,2000,0,1.75,23.04,249.64,4.93,0,0,370,0.6207,0.00E+00,30.94,50.95,18.11,282.076,2.17,1.15
2022/11/6,36,D3,Daughter3_D036,33.23,6.31,-407.54,24.3,1439.95,1.6,2000,0,1.91,15.78,155.7,0,0,2.24,360,0.7089,6.31E-02,12.99,54.34,32.61,277.552,2.19,1.13
2022/11/7,37,D3,Daughter3_D037,33.51,6.3,-398.04,25.6,1472.5,1.6,2000,0,1.73,18.71,219.02,6.2,0,1.59,410,0.6885,4.46E-02,27.51,49.33,23.11,291.93,2.2,1.16
2022/11/8,38,D3,Daughter3_D038,33.79,6.3,-387.91,26.2,1444.65,1.6,2000,0,2.01,40.68,198.83,5.47,0.74,2.14,450,0.4566,8.14E-02,24.84,50.66,24.42,212.379,2.17,1.15
2022/11/9,39,D3,Daughter3_D039,33.57,6.3,-397.23,25.7,1456.95,1.6,2000,0,1.48,38.27,206.57,5.82,0.44,2.56,390,0.5299,8.23E-02,16.12,55.34,28.45,290.705,2.08,1.16
2022/11/10,40,D3,Daughter3_D040,33.73,6.3,-414.23,26.2,1420.9,1.6,2000,0,1.29,28.12,198.29,4.78,0,2.32,470,0.6922,8.41E-02,17.24,55.52,27.16,298.608,2.45,1.16
2022/11/11,41,D3,Daughter3_D041,33.34,6.29,-406.91,27.2,1453.6,1.8,2000,0,1.84,33.68,253.32,7.12,0.88,2.92,560,0.5757,0.00E+00,17.24,56.16,26.61,295.183,2.21,1.16
2022/11/12,42,D3,Daughter3_D042,32.66,6.28,-356.47,28.4,1416.55,1.8,2000,0,2.1,40.34,229.42,5.26,1.23,3.1,460,0.4855,1.58E-01,15.49,56.31,28.04,287.388,2.33,1.12
2022/11/13,43,D3,Daughter3_D043,33.96,6.25,-415.42,29,1376.3,1.8,2000,0,1.32,33.32,221.25,5.32,1.03,2.76,480,0.7073,4.51E-02,15.02,56.72,28.21,312.575,2.23,1.17
2022/11/14,44,D3,Daughter3_D044,33.37,6.26,-402,29,1442.3,1.8,2000,0,1.72,34.28,246.29,6,1.11,2.85,550,0.6968,6.04E-02,16.32,56.05,27.57,279.797,2.3,1.16
2022/11/15,45,D3,Daughter3_D045,33.7,6.31,-372.95,29.7,1438.85,1.8,2000,0,1.98,41.81,239.22,6.37,1.27,3.57,480,0.6562,0.00E+00,17.26,55.56,27.18,331.026,2.22,1.14
2022/11/16,46,D3,Daughter3_D046,33.23,6.31,-420.43,30.3,1443,2,2000,0,2.93,36.63,236.8,6.33,1.07,3.23,980,0.614,8.72E-02,19.11,56.34,24.46,287.986,2.27,1.15
2022/11/17,47,D3,Daughter3_D047,33.67,6.31,-419.79,30.9,1435.5,2,2000,0,1.79,29.61,202.92,4.54,0,2.38,420,0.6452,0.00E+00,17.59,56.29,26.12,296.355,2.26,1.17
2022/11/18,48,D3,Daughter3_D048,33.5,6.3,-422.23,31.8,1433.25,2,2000,0,1.81,27.75,210.14,4.05,0,1.86,570,0.5247,0.00E+00,17.95,57.02,25.04,256.186,2.45,1.16
2022/11/19,49,D3,Daughter3_D049,33.67,6.29,-424.17,31.8,1459.9,2,2000,0,0.33,33.74,268.26,2.61,0,0,460,0.4561,0.00E+00,13.55,58.16,28.29,319.241,2.26,1.14
2022/11/20,50,D3,Daughter3_D050,33.36,6.28,-409.58,32.1,1428.6,2,2000,0,1.63,32.09,306.02,4.74,0.99,3.21,540,0.5959,0.00E+00,11.87,58.31,29.82,342.649,2.3,1.14
2022/11/21,51,D3,Daughter3_D051,33.11,6.31,-365.21,32.3,1437.55,2.2,2000,0,0.88,36.16,261.19,5.73,1.42,3.81,600,0.5019,0.00E+00,20.98,54.95,24.07,284.931,2.26,1.14
2022/11/22,52,D3,Daughter3_D052,33.76,6.31,-419.47,33.7,1489.9,2.2,2000,0,0.35,38.4,272,5.75,1.04,4.01,580,0.2673,0.00E+00,30.31,51.37,18.32,260.738,2.35,1.16
2022/11/23,53,D3,Daughter3_D053,33.37,6.33,-417.61,35,1497.9,2.2,2000,0,1.71,37.95,255.58,5.06,0,2.59,650,0.4027,0.00E+00,22.83,55.77,21.4,276.57,2.17,1.15
2022/11/24,54,D3,Daughter3_D054,32.79,6.32,-409.55,35,1510.9,2.2,2000,0,2.33,42.29,247.12,4.94,0,1.85,510,0.4361,0.00E+00,19.79,56.63,23.58,273.173,2.24,1.14
2022/11/25,55,D3,Daughter3_D055,32.98,6.31,-384.95,35.9,1496,2.2,2000,0,3.32,49.5,270.3,5.12,0,2.34,720,0.7105,5.26E-02,20.33,55.85,23.77,324.409,2.69,1.15
2022/11/26,56,D3,Daughter3_D056,33.09,6.3,-417.88,35.8,1485.75,2.4,2000,0,2.68,48.93,277.87,4.92,1.42,4.3,520,0.5436,1.13E-01,18.59,55.82,25.47,243.855,2.26,1.13
2022/11/27,57,D3,Daughter3_D057,33.2,6.28,-415.7,34.4,1483.75,2.4,2000,0,2.17,50.91,274.28,5,1.07,2.29,590,0.5905,0.00E+00,22.6,55.76,21.63,201.022,2.19,1.17
2022/11/28,58,D3,Daughter3_D058,32.71,6.49,-413,37.1,1562.4,2.4,2000,0,2.65,19.82,132.66,4.02,0,0,190,0.2144,0.00E+00,32.47,55.8,11.73,327.716,2.43,0.09
2022/11/29,59,D3,Daughter3_D059,31.51,6.57,-392.62,38.2,1539.7,2.4,2000,0,1.59,40.16,138.64,2.7,0,0,390,0.2589,0.00E+00,25.43,59.26,15.31,229.096,2.16,0.82
2022/11/30,60,D3,Daughter3_D060,33.17,6.35,-422.91,38.1,1471.85,2.4,2000,0,0.95,44.16,218.87,3.33,0,0,540,0.5037,0.00E+00,19.38,56.41,24.21,264.851,2.11,1.19
2022/12/1,61,D3,Daughter3_D061,33.2,6.32,-419.96,38.5,1496.55,2.6,2000,0,1.32,45.36,241.91,4,0,1.23,680,0.5706,0.00E+00,17.69,55.84,26.47,251.25,2.1,1.09
2022/12/2,62,D3,Daughter3_D062,32.64,6.31,-414.95,38.8,1505.6,2.6,2000,0,1.78,47.64,250.67,4.34,0,1.48,520,0.5814,5.35E-02,16.39,56.31,27.24,270.21,2.07,1.18
2022/12/3,63,D3,Daughter3_D063,32.58,6.32,-363.63,39.8,1488.85,2.6,2000,0,2.13,45.03,331.8,6.16,1.32,3.46,880,0.4971,0.00E+00,19.6,55.04,25.36,191.871,2.12,1.16
2022/12/4,64,D3,Daughter3_D064,33.32,6.29,-411.42,40,1497.5,2.6,2000,0,1.91,37.02,262.66,6.15,1.29,1.76,510,0.5725,0.00E+00,18.04,54.95,27.01,377.436,2.21,1.16
2022/12/5,65,D3,Daughter3_D065,32.67,6.29,-403.36,39.4,1470.45,2.6,2000,0,1.23,46.8,361.86,5.78,0,2.17,870,0.6067,4.62E-02,13.87,56.18,29.9,312.588,2.18,1.1
2022/12/6,66,D3,Daughter3_D066,32.94,6.3,-381.29,40.4,1473.3,2.8,2000,0,0.97,38.67,258.39,4.59,0,1.34,520,0.6433,0.00E+00,18.34,55.47,26.19,250.369,2.16,1.1
2022/12/7,67,D3,Daughter3_D067,33.17,6.28,-399.24,41.8,1442.6,2.8,2000,0,1.08,37.24,302.79,5.35,0,1.73,920,0.6435,0.00E+00,17.85,55.36,26.79,97.032,2.18,1.13
2022/12/8,68,D3,Daughter3_D068,33.15,6.36,-405.55,42.6,1562.4,2.8,2000,0,1.05,23.52,190.21,4.69,0,1.37,400,0.4795,0.00E+00,34.69,52.08,13.23,276.15,2.3,0.67
2022/12/9,69,D3,Daughter3_D069,32.92,6.48,-408.67,43.4,1565.55,2.8,2000,0,1.12,28.15,181.81,3.65,0,0,440,0.3935,0.00E+00,22.56,58.37,19.07,270.614,2.81,0.68
2022/12/10,70,D3,Daughter3_D070,33.24,6.37,-420.81,43.5,1565.15,2.8,2000,0,1.82,24.2,144.92,2.58,0,0,350,0.4421,0.00E+00,17.53,55.79,26.68,192.079,2.03,1.12
2022/12/11,71,D3,Daughter3_D071,33.22,6.31,-420.31,43.3,1470.55,3,2000,0,3.14,47.96,235.04,4.96,0.83,1.04,470,0.8337,0.00E+00,16.61,55.03,28.35,246.298,2,1.56
2022/12/12,72,D3,Daughter3_D072,32.75,6.32,-418,44.9,1529.3,3,2000,0,2.61,41.29,232.4,2.88,0.72,1.13,540,0.467,0.00E+00,17.39,56.04,26.56,286.368,2.06,0.91
2022/12/13,73,D3,Daughter3_D073,33.25,6.32,-419.74,45.8,1509.15,3,2000,0,1.62,46.51,286.54,4.37,1.59,1.64,530,0.555,0.00E+00,15.97,56.44,27.59,234.794,2,1.1
2022/12/14,74,D3,Daughter3_D074,31.08,6.36,-419.04,45.2,1557.85,3,2000,0,1.53,45.36,172.41,3.85,0,1.21,360,0.3253,0.00E+00,14.61,58.56,26.83,201.88,2,1.08
2022/12/15,75,D3,Daughter3_D075,33.74,6.38,-426.87,46.4,1490.9,3,2000,0,1.59,44.26,261.35,4.85,0,1.98,520,0.5297,0.00E+00,16.32,56.91,26.76,244.139,2.17,0.96
2022/12/16,76,D3,Daughter3_D076,33.27,6.36,-425.35,45.3,1495.7,3.2,2000,0,1.29,46.51,272.98,4.95,1.61,2.04,630,0.5512,0.00E+00,15.3,56.53,28.16,244.515,2.01,1.11
2022/12/17,77,D3,Daughter3_D077,32.97,6.34,-416.5,44,1454.9,3.2,2000,0,1.19,18.65,141.75,2.22,0,0,520,0.4207,0.00E+00,17.98,56.02,26,206.945,1.82,1.22
2022/12/18,78,D3,Daughter3_D078,33.24,6.39,-414.25,45.8,1441.75,3.2,2000,0,0,27.15,200.9,5.21,0,2.12,460,0.5388,0.00E+00,20.86,57.51,21.63,208.942,2.01,1.1
2022/12/19,79,D3,Daughter3_D079,33.19,6.44,-427.89,45.5,1475,3.2,2000,0,0,19.73,129.04,4.64,0,1.36,580,0.4,0.00E+00,19.68,58.25,22.07,258.39,3.1,0.75
2022/12/20,80,D3,Daughter3_D080,32.97,6.51,-433.26,47.8,1526.65,3.2,2000,0,1.35,8.26,108.91,5.31,0,1.77,350,0.2719,0.00E+00,31.85,53.7,14.45,256.413,4.59,0.42
2022/12/21,81,D3,Daughter3_D081,32.82,6.47,-402.13,47.8,1519,3.4,2000,0,1.63,28.94,100.04,3.45,0,1.44,320,0.3792,0.00E+00,17.67,58.47,23.86,309.943,1.97,1.08
2022/12/22,82,D3,Daughter3_D082,32.52,6.4,-418.81,49,1529.25,3.4,2000,0,1.64,51.72,194.52,4.15,0,0.47,450,0.3699,0.00E+00,17.65,57.63,24.72,243.332,1.98,1.14
2022/12/23,83,D3,Daughter3_D083,33.06,6.38,-419,49.4,1525.6,3.4,2000,0,3.27,51.42,231.62,4.42,0,0.47,600,0.4295,0.00E+00,18.11,57.22,24.67,252.959,2.05,1.14
2022/12/24,84,D3,Daughter3_D084,33,6.38,-419.14,50.6,1493.15,3.4,2000,0,2.07,51.22,242.12,4.63,0,0.83,510,0.418,,,,,280.165,2.03,1.14
2022/12/25,85,D3,Daughter3_D085,33.06,6.36,-418.18,50.6,1522.95,3.4,2000,0,2.08,52.02,234.32,4.67,0,0.95,550,0.419,0.00E+00,16.66,57.46,25.88,260.1,2,1.12
2022/12/26,86,D3,Daughter3_D086,32.98,6.33,-419.84,51.5,1538.3,3.6,2000,0,1.74,47.87,229.08,4.1,0,0.98,480,0.3987,0.00E+00,17.64,56.21,26.15,245.382,2.01,1.09
2022/12/27,87,D3,Daughter3_D087,32.89,6.32,-417.43,52,1506.65,3.6,2000,0,0.39,41.01,228.93,4.06,0,1.06,520,0.4214,0.00E+00,16.7,56.53,26.76,272.611,2,1.15
2022/12/28,88,D3,Daughter3_D088,33.14,6.31,-403.54,53.3,1492.6,3.6,2000,0,4.41,42.96,272.17,4.27,0,0.94,580,0.312,0.00E+00,20.59,54.93,24.47,282.478,2.04,1.16
2022/12/29,89,D3,Daughter3_D089,33,6.29,-411.48,53,1449.3,3.6,2000,0,0.3,46.07,334.54,4.46,0,1.34,710,0.3725,0.00E+00,20.41,54.49,25.1,263.639,2.12,1.14
2022/12/30,90,D3,Daughter3_D090,33.03,6.27,-412.73,53.7,1499.1,3.6,2000,0,2.8,54.49,261.73,4.09,0,1.46,610,0.288,0.00E+00,18.01,56.21,25.78,290.513,2.1,1.15
2022/12/31,91,D3,Daughter3_D091,33.08,6.27,-406.48,54.7,1435.65,3.8,2000,0,4.56,39.83,330.69,4.51,0.99,4.1,780,0.299,0.00E+00,20.83,54.06,25.11,332.247,2.1,1.16
2023/1/1,92,D3,Daughter3_D092,33.33,6.25,-411.76,55.1,1432.05,3.8,2000,0,2.93,48.42,372.6,5.31,0.84,3.58,810,0.3112,0.00E+00,23.39,53.52,23.09,270.599,2.02,1.14
2023/1/2,93,D3,Daughter3_D093,33.02,6.26,-412,55.5,1427.45,3.8,2000,0,3.25,47.37,365.6,5.19,0.86,3.66,710,0.376,0.00E+00,20.31,54.4,25.28,292.783,2.07,1.13
2023/1/3,94,D3,Daughter3_D094,32.83,6.25,-412,55.9,1399.25,3.8,2000,0,0,56.76,387.72,4.92,0,2.85,750,0.3885,0.00E+00,21.48,54.03,24.48,308.49,2.06,0.89
2023/1/4,95,D3,Daughter3_D095,32.43,6.27,-410.35,56.1,1399.85,3.8,2000,0,0,53.93,395.09,4.83,0,2.31,520,0.3218,0.00E+00,23.82,53.86,22.32,294.375,2.1,1.36
2023/1/5,96,D3,Daughter3_D096,32.72,6.27,-412.86,56.5,1435.55,4,2000,0,1.86,53.31,413.99,5.38,0,2.22,710,0.3125,,,,,337.847,2.06,
2023/1/6,97,D3,Daughter3_D097,32.72,6.25,-413.73,55,1418.45,4,2000,0,0.32,48.14,399.02,4.57,0,2.01,710,0.3438,0.00E+00,19.61,55.01,25.38,312.259,2.05,1.15
2023/1/7,98,D3,Daughter3_D098,32.71,6.26,-413.85,57.7,1441.7,4,2000,0,0,48.38,409.23,4.96,0,2.18,1130,0.3238,0.00E+00,16.79,55.08,28.13,357.493,2.14,1.18
2023/1/8,99,D3,Daughter3_D099,32.77,6.25,-406.19,57.9,1402.4,4,2000,0,3.04,51.34,392.85,6.04,0,2,1040,0.2754,0.00E+00,21.26,53.54,25.2,241.643,2.12,1.16
2023/1/9,100,D3,Daughter3_D100,32.86,6.24,-411.19,57.8,1398.2,4,2000,0,0.31,47.12,384.07,4.89,0,2.11,740,0.3303,,,,,324.461,2.1,1.12
2023/1/10,101,D3,Daughter3_D101,33.03,6.21,-413.67,57.2,1408.95,4,2000,0,1.91,57.44,383.25,5.05,0,2.16,740,0.3799,8.20E-02,19.45,53.85,26.61,330.865,2.06,1.15
2023/1/11,102,D3,Daughter3_D102,32.92,6.24,-415.45,57.1,1407.15,4,2000,0,0.67,49.11,367.66,5.26,0,2.97,730,0.3215,0.00E+00,23.46,52.43,24.11,310.44,2.09,1.06
2023/1/12,103,D3,Daughter3_D103,32.93,6.24,-414.63,57.6,1407.85,4,2000,0,0.99,42.77,365.42,5.22,0,2.92,1070,0.3218,0.00E+00,22.36,53.16,24.48,337.968,2.08,1.16
2023/1/13,104,D3,Daughter3_D104,33,6.22,-412.43,58,1430.25,4,2000,0,0.62,55.41,385.03,5.48,0,3.3,450,0.3556,0.00E+00,17.45,54.46,28.09,340.618,2.07,1.16
2023/1/14,105,D3,Daughter3_D105,33.58,6.24,-401.87,58.3,1436.85,4,2000,0,2.42,46.92,422.25,6.16,0,3.78,740,0.3974,0.00E+00,20.86,53.31,25.83,297.423,2.04,1.15
2023/1/15,106,D3,Daughter3_D106,32.23,6.23,-406.03,57.5,1409,4,2000,0,3.08,69.68,434.56,6.17,0,6.7,740,0.3225,0.00E+00,22.48,52.53,24.99,319.641,2.05,1.17
2023/1/16,107,D3,Daughter3_D107,32.68,6.24,-408.18,58.2,1425.3,4,2000,0,1.65,68.04,422.65,5.68,0,5.07,1040,0.4006,0.00E+00,17.45,54.05,28.51,349.938,2.03,
2023/1/17,108,D3,Daughter3_D108,32.88,6.25,-408.61,57.4,1408.2,4,2000,0,0.69,68.81,464.58,6.8,1,6.47,820,0.4275,0.00E+00,17.61,54,28.39,351.556,2.09,1.17
2023/1/18,109,D3,Daughter3_D109,33.02,6.27,-414.83,58.1,1433.4,4,2000,0,2.22,55.09,452.96,5.63,0,6.81,890,0.3131,0.00E+00,18.44,53.85,27.71,313.093,1.97,1.14
2023/1/19,110,D3,Daughter3_D110,32.77,6.27,-416.55,58.1,1439.5,4,2000,0,1.69,64.97,446.75,5.88,0,8.93,820,0.3717,0.00E+00,16.06,54.07,29.87,354.715,2.05,1.18
2022/10/2,1,D4,Daughter4_D001,33.24,6.53,-432,3.71,1407.7,0.2,2000,133.1,0.02,76.32,54.02,7.46,0,6.13,350,1.0566,0.00E+00,27.21,53.3,19.48,299.54,2,1.12
2022/10/3,2,D4,Daughter4_D002,33.09,6.51,-434.09,4.82,1482.35,0.2,2000,133.1,0.32,50.28,33.77,3.96,0,3.71,140,0.6652,0.00E+00,23.04,54.59,22.37,274.517,2.04,1.08
2022/10/4,3,D4,Daughter4_D003,33.45,6.47,-435.88,5.64,1508.65,0.2,2000,133.1,1.21,30.49,16.12,2.53,0,1.44,180,0.6648,0.00E+00,19.79,55.82,24.39,252.628,2.05,1.11
2022/10/5,4,D4,Daughter4_D004,33.02,6.47,-436.88,6.15,1536.65,0.2,2000,133.1,1.92,15.78,6.03,0,0,0,60,0.6622,0.00E+00,16.84,57.79,25.37,278.217,2.05,1.13
2022/10/6,5,D4,Daughter4_D005,32.98,6.47,-438.57,6.46,1493.35,0.2,2000,133.1,1.18,29.53,15.04,2.15,0,0,80,0.6724,0.00E+00,18.34,57.39,24.28,288.292,2.09,1.11
2022/10/7,6,D4,Daughter4_D006,33.08,6.45,-436.52,6.79,1537.65,0.4,2000,133.1,1.27,27.39,11.85,2.2,0,0,50,0.68,0.00E+00,16.37,57.74,25.89,253.211,2.07,1.1
2022/10/8,7,D4,Daughter4_D007,33.01,6.41,-433.9,7.88,1515.6,0.4,2000,133.1,1.33,33.55,15.86,0,0,0.69,120,0.6036,0.00E+00,17.59,58.24,24.17,242.671,2.06,1.19
2022/10/9,8,D4,Daughter4_D008,33.14,6.4,-436.14,8.54,1470.25,0.4,2000,133.1,1.41,49.85,29.03,1.95,0,0,160,0.6076,0.00E+00,18.74,57.48,23.78,147.161,2.02,1.04
2022/10/10,9,D4,Daughter4_D009,33.06,6.41,-436.08,9.13,1488.05,0.4,2000,133.1,0,82.74,64.68,6.85,0,3.15,350,0.4871,0.00E+00,28.32,52.5,19.18,171.946,2.18,1.13
2022/10/11,10,D4,Daughter4_D010,33.4,6.39,-411.68,9.46,1458.15,0.4,2000,133.1,0.7,114.08,87.54,5.05,1.59,5.37,140,0.3814,0.00E+00,20.99,54.49,24.52,175.91,2.1,1.09
2022/10/12,11,D4,Daughter4_D011,33.07,6.4,-423.8,9.89,1469.3,0.6,2000,133.1,1.76,95.68,76.56,4.17,0,5.06,310,0.568,0.00E+00,17.73,56.99,25.28,190.419,2.11,1.1
2022/10/13,12,D4,Daughter4_D012,33.91,6.39,-429.04,10.98,1454,0.6,2000,133.1,1.91,79.74,63.6,3.36,0,4.49,250,0.6396,0.00E+00,17.78,57.22,25,198.209,2.1,1.12
2022/10/14,13,D4,Daughter4_D013,33.26,6.38,-429.39,11.78,1466.6,0.6,2000,133.1,2.07,67.39,47.51,2.73,0,3.36,260,0.5383,0.00E+00,17.77,58.45,23.78,178.278,2.17,1.12
2022/10/15,14,D4,Daughter4_D014,32.97,6.39,-429.1,12.12,1456.2,0.6,2000,133.1,1.62,73.48,58.46,2.86,0,1.27,180,0.5093,0.00E+00,15.83,59.86,24.31,186.799,2.08,1.29
2022/10/16,15,D4,Daughter4_D015,32.99,6.37,-431.88,12.44,1458.1,0.6,2000,133.1,1.19,72.02,58.92,16.02,0,3.55,80,0.5023,0.00E+00,13.6,59.28,27.12,84.122,2.08,0.92
2022/10/17,16,D4,Daughter4_D016,32.89,6.35,-434.7,12.88,1466.85,0.8,2000,133.1,1.22,62.1,48.87,2.74,0,2.74,210,0.6619,0.00E+00,15.04,57.38,27.58,281.908,2.11,1.11
2022/10/18,17,D4,Daughter4_D017,32.97,6.36,-389.8,13.97,1500.45,0.8,2000,133.1,1.28,65.95,41.59,2.71,0,2.96,220,0.4403,0.00E+00,20.3,56.18,23.53,275.219,2.19,1.1
2022/10/19,18,D4,Daughter4_D018,32.47,6.34,-418.89,14.75,1472.45,0.8,2000,133.1,1.35,97.34,81.72,3.54,0.82,5.36,280,0.4775,0.00E+00,15.86,56.69,27.45,291.652,2.19,1.11
2022/10/20,19,D4,Daughter4_D019,33.03,6.35,-437.65,15.17,1497.25,0.8,2000,133.1,1.33,78.15,73.31,4.03,0,5.3,470,0.7868,0.00E+00,14.27,58.57,27.16,286.29,2.15,1.1
2022/10/21,20,D4,Daughter4_D020,33.15,6.36,-440.75,15.48,1532.15,0.8,2000,133.1,,,,,,,190,0.5508,,,,,313.64,2.29,1.11
2022/10/22,21,D4,Daughter4_D021,32.79,6.36,-441.22,16.21,1536.05,1,2000,133.1,0.54,34.1,29.48,2.39,0,0,150,0.8954,,,,,252.875,,0.55
2022/10/23,22,D4,Daughter4_D022,33.49,6.34,-444,16.55,1535.05,1,2000,133.1,0.47,30.62,29.76,2.68,0,2.84,40,,,,,,280.278,1.9,1.17
2022/10/24,23,D4,Daughter4_D023,33.29,6.35,-444.67,17.19,1535.05,1,2000,133.1,0.25,46.82,54.52,4.04,0,4.16,470,,0.00E+00,31,52.78,16.22,300.03,2.09,1.06
2022/10/25,24,D4,Daughter4_D024,33.34,6.33,-423.53,18.36,1556.6,1,2000,133.1,1.25,57.81,61.97,4.84,0,5.18,780,0.5405,0.00E+00,34.19,44.31,21.5,281.842,2.18,1.1
2022/10/26,25,D4,Daughter4_D025,33.45,6.36,-445,18.52,1552.95,1,2000,133.1,1.19,42.16,70.53,5.33,0,4.8,230,0.8517,0.00E+00,19.15,55.17,25.68,306.925,2.19,1.09
2022/10/27,26,D4,Daughter4_D026,33.7,6.39,-448.36,18.96,1568.7,1.2,2000,133.1,1.17,21.71,0,3.71,0,0,500,0.4523,0.00E+00,17.22,56.58,26.2,287.491,2.18,1.09
2022/10/28,27,D4,Daughter4_D027,33.49,6.38,-446.33,19.3,1575.25,1.2,2000,133.1,0.46,17.81,43.03,3.19,0,0.58,,0.846,,,,,264.423,2.23,1.12
2022/10/29,28,D4,Daughter4_D028,33.35,6.36,-445.04,19.9,1499.45,1.2,2000,133.1,1.2,16,55.51,3.79,0,0,170,0.7572,0.00E+00,14.5,58.38,27.12,286.874,2.09,1.14
2022/10/30,29,D4,Daughter4_D029,33.35,6.36,-445.17,20.6,1514.35,1.2,2000,133.1,1.32,14.1,46.76,2.8,0,0,100,0.7817,0.00E+00,17.57,57.93,24.5,307.829,2.23,1.07
2022/10/31,30,D4,Daughter4_D030,32.73,6.37,-443.87,20.8,1521.5,1.2,2000,133.1,0.83,15.57,62.34,3.22,0,0,180,0.7292,0.00E+00,14.73,57.49,27.77,265.206,2.25,1.09
2022/11/1,31,D4,Daughter4_D031,33.13,6.35,-442.92,21.9,1530.35,1.4,2000,133.1,0.93,17.78,104.46,2.68,0,0,380,0.6597,0.00E+00,13.71,57.93,28.36,399.721,2.23,1.06
2022/11/2,32,D4,Daughter4_D032,33.16,6.34,-441.43,22.3,1528.9,1.4,2000,133.1,2.38,19.08,105.56,3.29,0,0,110,0.5831,0.00E+00,16.67,56.24,27.1,286.667,2.22,1.26
2022/11/3,33,D4,Daughter4_D033,32.38,6.35,-439.77,23.1,1467.8,1.4,2000,133.1,1.39,15.27,90.88,2.06,0,0,270,0.5352,0.00E+00,17.17,57.35,25.48,266.625,2.25,1.14
2022/11/4,34,D4,Daughter4_D034,33.01,6.32,-439.52,23.5,1514.5,1.4,2000,133.1,1.06,19.21,132.17,3.11,0,0,160,0.5707,0.00E+00,14.21,57.17,28.62,305.591,2.26,1.05
2022/11/5,35,D4,Daughter4_D035,33,6.34,-441.13,23.9,1525.15,1.4,2000,133.1,1.05,17.8,121.04,2.41,0,0,250,0.5768,0.00E+00,32.06,50.55,17.4,298.549,2.45,1.15
2022/11/6,36,D4,Daughter4_D036,33.05,6.34,-443.21,24.4,1501.3,1.6,2000,133.1,1.65,14.28,90.27,0,0,0,210,0.6585,,,,,318.242,2.23,1.06
2022/11/7,37,D4,Daughter4_D037,33.2,6.31,-438.31,25.7,1504.65,1.6,2000,133.1,1.2,17.71,118.05,2.55,0,0,270,0.7109,,,,,318.356,2.27,1.1
2022/11/8,38,D4,Daughter4_D038,33.35,6.29,-424.23,26.4,1468.3,1.6,2000,133.1,1.65,44.45,132.24,3.04,0,2.49,330,0.461,0.00E+00,18.31,55.17,26.51,267.007,2.25,1.1
2022/11/9,39,D4,Daughter4_D039,33.18,6.31,-439.64,26.4,1472,1.6,2000,133.1,1.76,39.79,165.13,3.44,0,2.15,340,0.6175,0.00E+00,15.49,56.99,27.52,267.312,2.38,1.1
2022/11/10,40,D4,Daughter4_D040,33.28,6.32,-441,26.3,1457,1.6,2000,133.1,2.26,32.9,151.15,5.65,0,1.84,380,0.5072,0.00E+00,15.73,57.5,26.77,344.291,2.28,1.1
2022/11/11,41,D4,Daughter4_D041,32.41,6.33,-442.32,27.4,1478.9,1.8,2000,133.1,2.21,23.55,102.89,5.14,0,1.63,190,0.5279,0.00E+00,14.23,57.87,27.9,284.256,2.29,1.07
2022/11/12,42,D4,Daughter4_D042,32.13,6.34,-418.89,28.5,1494.35,1.8,2000,133.1,1.28,32.83,89.3,4.94,0,2.19,250,0.4277,0.00E+00,13.9,58.33,27.77,237.791,2.48,1.12
2022/11/13,43,D4,Daughter4_D043,33.49,6.32,-434.68,29.1,1480.7,1.8,2000,133.1,2.11,30.11,89.72,4.59,0,2.1,270,0.5398,0.00E+00,13.87,59.28,26.85,321.188,2.3,1.09
2022/11/14,44,D4,Daughter4_D044,32.84,6.37,-431.5,29.1,1507.2,1.8,2000,133.1,1.72,29.27,84.67,4.78,0,1.63,330,0.5038,0.00E+00,16.24,58.49,25.27,222.344,2.29,1.11
2022/11/15,45,D4,Daughter4_D045,33.27,6.4,-426.11,29.7,1531.75,1.8,2000,133.1,1.63,34.39,76.7,4.37,0,2.21,220,0.6216,0.00E+00,15.95,58.87,25.18,227.856,2.3,1.1
2022/11/16,46,D4,Daughter4_D046,32.81,6.43,-443.09,30.4,1532.25,2,2000,133.1,2.48,22.32,49.05,4.15,0,1.21,730,0.5989,0.00E+00,17.62,58.51,23.87,252.926,2.3,1.1
2022/11/17,47,D4,Daughter4_D047,33.22,6.52,-451.29,31.4,1578.75,2,2000,133.1,2.81,3.96,4.15,0,0,0,350,0.3455,,,,,201.458,,2.16
2022/11/18,48,D4,Daughter4_D048,33,6.51,-450.32,31.9,1600.05,2,2000,133.1,2.15,10.18,14.09,0,0,0,280,0.4204,0.00E+00,22.98,56.37,20.65,222.149,2.25,1.11
2022/11/19,49,D4,Daughter4_D049,33.23,6.43,-443.72,32.4,1606.65,2,2000,133.1,0.27,19.46,26.06,0,0,0,30,0.5111,0.00E+00,15.22,59.44,25.34,252.908,2.23,1.09
2022/11/20,50,D4,Daughter4_D050,32.99,6.41,-440.71,33.2,1579.4,2,2000,133.1,0.31,13.91,27.53,0,0,0,220,0.488,5.47E-02,14.52,58.85,26.57,251.448,2.26,1.09
2022/11/21,51,D4,Daughter4_D051,32.9,6.4,-443.54,33.1,1527.8,2.2,2000,133.1,1.26,32.75,59.14,2.84,0,1.07,370,0.6233,0.00E+00,18.7,57.35,23.96,230.917,2.26,1.12
2022/11/22,52,D4,Daughter4_D052,33.68,6.44,-451.05,33.7,1588.95,2.2,2000,133.1,0.68,12.75,20.25,2.03,0,0,220,0.3022,,,,,227.708,3.85,1.08
2022/11/23,53,D4,Daughter4_D053,33.11,6.47,-455.35,35,1595.3,2.2,2000,133.1,1.9,13.33,19.18,0,0,0,320,0.4483,0.00E+00,19.79,59.63,20.58,216.748,2.23,1.1
2022/11/24,54,D4,Daughter4_D054,32.63,6.43,-452.09,34.8,1550.95,2.2,2000,133.1,2.47,22.64,44.98,1.96,0,0,220,0.5415,0.00E+00,18.34,59.37,22.28,225.545,2.32,1.1
2022/11/25,55,D4,Daughter4_D055,32.83,6.43,-451.86,35.4,1516.6,2.2,2000,133.1,2.62,32.61,78.87,2.98,0,0,290,0.6998,0.00E+00,18.2,58.21,23.59,191.642,2.7,1.11
2022/11/26,56,D4,Daughter4_D056,32.98,6.4,-450.5,35.5,1531,2.4,2000,133.1,2.3,28.77,78.87,3.43,0.51,1.89,250,0.6228,6.87E-02,25.05,52.44,22.44,237.91,2.32,1.13
2022/11/27,57,D4,Daughter4_D057,33.1,6.37,-448,34.8,1556.95,2.4,2000,133.1,1.31,24.36,81.96,2.75,0,1.18,250,0.7226,0.00E+00,29.34,52.82,17.84,225.754,2.31,1.1
2022/11/28,58,D4,Daughter4_D058,32.51,6.48,-428.35,37,1520.05,2.4,2000,133.1,1.99,10.63,40,2.39,0,0,240,0.3521,0.00E+00,28.44,58.73,12.83,234.005,2.39,0.47
2022/11/29,59,D4,Daughter4_D059,31,6.63,-267.33,38.1,1562.8,2.4,2000,133.1,0.78,18.87,39.71,0,0,0,170,0.2175,0.00E+00,21.95,61,17.05,218.551,2.35,1.38
2022/11/30,60,D4,Daughter4_D060,32.9,6.46,-378.64,38,1517.8,2.4,2000,133.1,0.85,31.58,95.99,2.13,0,0,420,0.5917,0.00E+00,18.41,58.49,23.11,234.866,2.2,1.1
2022/12/1,61,D4,Daughter4_D061,33.03,6.45,-419.17,38.3,1499.7,2.6,2000,133.1,1.91,29.31,110.52,2.73,0,0,400,0.7169,0.00E+00,16.1,57.84,26.06,272.794,2.3,1.05
2022/12/2,62,D4,Daughter4_D062,32.55,6.44,-426.05,38.7,1523.75,2.6,2000,133.1,2.57,24.17,112.81,2.96,0,0.57,220,0.6299,0.00E+00,16.58,58.36,25.05,242.718,2.23,1.14
2022/12/3,63,D4,Daughter4_D063,32.45,6.43,-412.11,39.1,1512.8,2.6,2000,133.1,3.34,26.24,169.6,4.83,0,1.17,690,0.458,0.00E+00,27.2,50.53,22.27,215.121,2.26,1.13
2022/12/4,64,D4,Daughter4_D064,33.14,6.4,-425.92,39.7,1486.3,2.6,2000,133.1,3.09,24.79,215.13,4.98,0,1.55,410,0.4279,0.00E+00,17.24,57.06,25.7,358.869,2.43,1.11
2022/12/5,65,D4,Daughter4_D065,32.48,6.39,-424.89,38.9,1491.2,2.6,2000,133.1,1.26,25.09,222.31,4.05,0,1.54,590,0.4619,0.00E+00,,,,253.474,2.3,1.05
2022/12/6,66,D4,Daughter4_D066,32.73,6.41,-420.86,39.8,1500.1,2.8,2000,133.1,1.28,24.21,188.88,3.65,0,1.17,400,0.5596,0.00E+00,17.15,56.74,26.11,219.715,2.26,1.05
2022/12/7,67,D4,Daughter4_D067,32.98,6.4,-431.52,41.2,1471.1,2.8,2000,133.1,1.22,26.09,208.21,3.85,0,1.47,510,0.6358,0.00E+00,15.73,56.79,27.48,216.96,2.25,1.1
2022/12/8,68,D4,Daughter4_D068,32.75,6.52,-402.8,42.1,1513.65,2.8,2000,133.1,0.88,7.3,94.87,3.11,0,0,110,0.3123,0.00E+00,,,,122.174,2.42,0.42
2022/12/9,69,D4,Daughter4_D069,32.34,6.68,-352.19,43.3,1500.75,2.8,2000,133.1,0.87,0.51,1.39,0,0,0,230,0.2127,0.00E+00,,,,200.975,2.39,0.48
2022/12/10,70,D4,Daughter4_D070,33.17,6.61,-414.75,43.8,1526.75,2.8,2000,133.1,1.66,22.89,140.83,4.36,0,1,290,0.3962,0.00E+00,21.84,59.76,18.4,182.371,1.87,1.11
2022/12/11,71,D4,Daughter4_D071,33.38,6.47,-426.13,43.8,1521.05,3,2000,133.1,2.76,16.43,73.82,3.41,0,1.71,200,0.735,0.00E+00,16.44,58.33,25.24,176.195,1.97,1.35
2022/12/12,72,D4,Daughter4_D072,33.05,6.42,-431.31,45,1590.35,3,2000,133.1,2.05,22.08,104.98,2.64,0,0,90,0.634,0.00E+00,16.47,57.52,26.02,232.002,1.97,0.97
2022/12/13,73,D4,Daughter4_D073,32.89,6.45,-434.3,45.7,1579.15,3,2000,133.1,1.27,20.13,99.51,3.36,0,0,340,0.5194,0.00E+00,32,48.25,19.75,188.951,2.02,0.97
2022/12/14,74,D4,Daughter4_D074,32.75,6.42,-426.26,45.1,1572.45,3,2000,133.1,1.48,28.37,103.38,2.87,0,0,310,0.5914,0.00E+00,16.12,58.05,25.83,175.675,2.03,1.11
2022/12/15,75,D4,Daughter4_D075,33.3,6.42,-434.7,45.8,1523.55,3,2000,133.1,1.36,29.62,155.44,2.86,0,0,520,0.7172,0.00E+00,16.56,58.12,25.32,167.244,2.25,1.1
2022/12/16,76,D4,Daughter4_D076,32.93,6.44,-438.3,45.2,1558.7,3.2,2000,133.1,1.28,16.94,123.63,2.66,0,0,580,0.5119,0.00E+00,23.47,58.4,18.13,175.263,2.12,0.61
2022/12/17,77,D4,Daughter4_D077,32.6,6.6,-345.65,44.1,1580.25,3.2,2000,133.1,1.79,13.61,58.34,0,0,0,230,0.0673,0.00E+00,24.34,58.24,17.42,197.594,1.87,0.59
2022/12/18,78,D4,Daughter4_D078,32.64,6.5,-405.58,46.4,1546.65,3.2,2000,133.1,1.6,9.09,98.15,2.57,0,0,280,0.5002,0.00E+00,25.89,54.89,19.22,182.993,2.04,
2022/12/19,79,D4,Daughter4_D079,32.51,6.43,-427.11,46.9,1499.3,3.2,2000,133.1,0.61,12.33,120.53,2.66,0,0,540,0.5697,0.00E+00,15.34,57.22,27.45,235.019,3.16,1.07
2022/12/20,80,D4,Daughter4_D080,32.81,6.41,-429.32,48.6,1528.2,3.2,2000,133.1,2.2,10.84,70.92,2.27,0,2.62,440,0.5175,0.00E+00,30.97,52.86,16.17,220.083,2.08,1.1
2022/12/21,81,D4,Daughter4_D081,32.6,6.43,-373.04,48.8,1507.45,3.4,2000,133.1,1.76,33.05,148.55,2.82,0,7.96,340,0.317,0.00E+00,17.76,56.9,25.35,236.079,2.06,1.05
2022/12/22,82,D4,Daughter4_D082,32.74,6.42,-419.81,49.6,1523.3,3.4,2000,133.1,1.79,35.9,164.35,3.1,0,9.81,410,0.5275,0.00E+00,16.92,57.39,25.69,274.425,2.08,1.09
2022/12/23,83,D4,Daughter4_D083,33.31,6.39,-427.19,49.9,1550.8,3.4,2000,133.1,0.5,35.9,186.82,3.29,0,4.42,480,0.5265,0.00E+00,17.01,57.34,25.65,202.772,2.14,1.07
2022/12/24,84,D4,Daughter4_D084,32.86,6.38,-426.86,50.9,1555.6,3.4,2000,133.1,1.81,39.17,215.54,3.48,0,1.16,480,0.5202,0.00E+00,14.01,57.8,28.19,247.628,2.14,1.1
2022/12/25,85,D4,Daughter4_D085,32.97,6.37,-426.68,51.3,1565.4,3.4,2000,133.1,2.04,42.17,224.67,3.86,0,0.91,350,0.537,0.00E+00,16.05,57.31,26.64,255.604,2.09,1.1
2022/12/26,86,D4,Daughter4_D086,33.03,6.35,-426.84,51.9,1532.9,3.6,2000,133.1,1.95,48.33,247,3.96,0,1.2,540,0.5366,0.00E+00,17.58,56.03,26.39,217.868,2.09,1.08
2022/12/27,87,D4,Daughter4_D087,32.93,6.35,-420.7,52,1528.7,3.6,2000,133.1,0.85,45.47,198.2,3.42,0,0.21,390,0.5244,0.00E+00,20.58,56.8,22.62,289.668,2.07,1.1
2022/12/28,88,D4,Daughter4_D088,33.01,6.36,-372.25,53.3,1511.95,3.6,2000,133.1,4.27,42.12,228.7,3.8,0,0,560,0.3866,0.00E+00,24.5,54.24,21.26,268.501,2.09,1.1
2022/12/29,89,D4,Daughter4_D089,32.97,6.35,-414.61,53.2,1547.95,3.6,2000,133.1,0.75,46.49,241.44,3.99,0,0.53,720,0.41,0.00E+00,20.53,55.27,24.2,291.108,2.15,1.1
2022/12/30,90,D4,Daughter4_D090,32.95,6.35,-418,54,1486.4,3.6,2000,133.1,1.94,43.74,328.01,5.33,0,1.18,520,0.4198,0.00E+00,19.67,56.59,23.74,289.53,2.15,1.09
2022/12/31,91,D4,Daughter4_D091,33.09,6.35,-399.52,53.4,1485.6,3.8,2000,133.1,4.44,45.61,324.4,4.32,0.84,0,620,0.4115,0.00E+00,23.19,53.77,23.04,272.662,2.27,1.12
2023/1/1,92,D4,Daughter4_D092,33.36,6.34,-413.57,55.1,1476.55,3.8,2000,133.1,3.79,46.04,233.73,5,0,0,740,0.4269,0.00E+00,22.35,53.95,23.7,231.864,2.12,1.12
2023/1/2,93,D4,Daughter4_D093,33.06,6.32,-420.62,55,1456.5,3.8,2000,133.1,3.63,50.4,332.99,4.47,0,3.7,720,0.4274,5.63E-01,22.94,53.39,23.11,283.567,2.14,1.07
2023/1/3,94,D4,Daughter4_D094,32.9,6.32,-423.08,55.5,1432.2,3.8,2000,133.1,0,46.86,329.77,4.51,0,1.35,620,0.4482,0.00E+00,21.44,54.76,23.79,331.651,2.11,1.03
2023/1/4,95,D4,Daughter4_D095,32.8,6.34,-422.83,55.7,1442.65,3.8,2000,133.1,0,39.87,348.56,4.68,0,1.43,590,0.323,0.00E+00,21.77,53.9,24.33,309.613,2.14,1.09
2023/1/5,96,D4,Daughter4_D096,33.03,6.34,-427.5,56.9,1472.9,4,2000,133.1,3.13,40.08,359.77,5.09,0,1.45,660,0.3342,0.00E+00,21.05,54.39,24.56,297.202,2.1,0.95
2023/1/6,97,D4,Daughter4_D097,32.36,6.34,-395.95,58,1473,4,2000,133.1,0,47.89,352.35,4.38,0,2.45,670,0.3312,0.00E+00,24.7,54.51,20.79,350.27,2.11,1.09
2023/1/7,98,D4,Daughter4_D098,32.47,6.35,-335.19,58.4,1492.25,4,2000,133.1,0,36.22,326.29,4.79,0,2.34,1070,0.3815,0.00E+00,22.78,54.27,22.95,341.857,2.19,1.12
2023/1/8,99,D4,Daughter4_D099,32.86,6.34,-383.24,58.1,1448,4,2000,133.1,3.42,38.48,321.88,5.22,0,2.53,1020,0.4182,0.00E+00,22.33,54.07,23.6,265.709,2.18,1.07
2023/1/9,100,D4,Daughter4_D100,32.98,6.33,-388.77,57,1405.9,4,2000,133.1,1.18,49.08,286.97,4.91,0,2.38,550,0.4433,0.00E+00,29.03,49.13,21.84,295.712,2.15,1.1
2023/1/10,101,D4,Daughter4_D101,32.8,6.32,-390.25,56,1425.05,4,2000,133.1,2.64,53.15,263.75,4.77,0,0,640,0.4716,4.75E-02,30.23,44.73,24.99,313.767,1.98,1.09
2023/1/11,102,D4,Daughter4_D102,32.75,6.34,-390,56.1,1420.45,4,2000,133.1,1.13,38.09,275.78,5.35,0,0,570,0.3727,0.00E+00,24.85,54.24,20.91,274.339,2.08,1.05
2023/1/12,103,D4,Daughter4_D103,32.98,6.34,-399.67,57.1,1398.45,4,2000,133.1,1.11,40.17,274.09,4.9,0,2.96,1200,0.3761,0.00E+00,20.53,55.58,23.9,263.288,2.06,1.09
2023/1/13,104,D4,Daughter4_D104,33,6.34,-388.86,57.8,1442.1,4,2000,133.1,1.14,43.94,283.86,4.66,0,2.64,400,0.4606,0.00E+00,28.91,53.17,17.92,289.588,2.13,1.07
2023/1/14,105,D4,Daughter4_D105,33.63,6.34,-337.65,57.8,1470.7,4,2000,133.1,2.3,41.6,240.23,4.19,0,1.11,510,0.2962,0.00E+00,18.56,54.96,26.47,294.5,2.07,1.08
2023/1/15,106,D4,Daughter4_D106,32.37,6.34,-389.45,57.2,1426.4,4,2000,133.1,3.64,61.14,288.08,4.84,0,6.74,620,0.3518,0.00E+00,21.03,54.32,24.65,298.372,2.09,1.1
2023/1/16,107,D4,Daughter4_D107,32.78,6.36,-404.5,57.9,1468.6,4,2000,133.1,2.18,54.88,277.43,4.7,0,2.77,900,0.2986,0.00E+00,15.45,56.06,28.5,305.689,2.12,
2023/1/17,108,D4,Daughter4_D108,32.96,6.37,-408.48,57.6,1481.15,4,2000,133.1,0.66,50.44,279.76,4.45,0,0,640,0.2926,0.00E+00,16.14,56.36,27.51,367.38,2.15,1.06
2023/1/18,109,D4,Daughter4_D109,33,6.39,-364.35,57.8,1460.6,4,2000,133.1,2.42,43,295.6,4.41,0,3.97,630,0.227,0.00E+00,17.76,56.26,25.98,393.665,2.04,1.06
2023/1/19,110,D4,Daughter4_D110,33.21,6.39,-418.18,58.1,1493.2,4,2000,133.1,1.63,34.93,297.81,4.78,0,4.74,570,0.2827,0.00E+00,16.91,56.38,26.71,365.927,2.06,1.07
